figure_type,figure_no,title_name,variable,variable_rename,facet_variable,flip_sign,regions,models,years,scenarios,type,x,y,facet1,facet2,linetype,color,page_filter,scales
timeseriesplot,1,Final Energy by Fuel,Final Energy|Coal,Coal,,0,usa,model_wm,fives_proj_40,scen_wm_sensitivities,grid,year,value,region,variable_rename,model,scenario,region,free_y
timeseriesplot,1,Final Energy by Fuel,Final Energy|Gas,Gas,,0,usa,model_wm,fives_proj_40,scen_wm_sensitivities,grid,year,value,region,variable_rename,model,scenario,region,free_y
timeseriesplot,1,Final Energy by Fuel,Final Energy|Oil,Oil,,0,usa,model_wm,fives_proj_40,scen_wm_sensitivities,grid,year,value,region,variable_rename,model,scenario,region,free_y
timeseriesplot,1,Final Energy by Fuel,Final Energy|Biogas,Biogas,,0,usa,model_wm,fives_proj_40,scen_wm_sensitivities,grid,year,value,region,variable_rename,model,scenario,region,free_y
timeseriesplot,1,Final Energy by Fuel,Final Energy|Biomass Liquids,Biomass Liquids,,0,usa,model_wm,fives_proj_40,scen_wm_sensitivities,grid,year,value,region,variable_rename,model,scenario,region,free_y
timeseriesplot,1,Final Energy by Fuel,Final Energy|Electricity,Electricity,,0,usa,model_wm,fives_proj_40,scen_wm_sensitivities,grid,year,value,region,variable_rename,model,scenario,region,free_y
timeseriesplot,1,Final Energy by Fuel,Final Energy|Hydrogen,Hydrogen,,0,usa,model_wm,fives_proj_40,scen_wm_sensitivities,grid,year,value,region,variable_rename,model,scenario,region,free_y
timeseriesplot,1.1,Final Energy by Fuel - Hydrogen,Final Energy|Hydrogen,Hydrogen,,0,usa,model_wm,fives_proj_40,scen_wm_sensitivities,grid,year,value,region,variable_rename,model,scenario,region,free_y
timeseriesplot,2,Final Energy by Sector,Final Energy|Buildings,Buildings,,0,usa,model_wm,fives_proj_40,scen_wm_sensitivities,grid,year,value,region,variable_rename,model,scenario,region,free_y
timeseriesplot,2,Final Energy by Sector,Final Energy|Industry,Industry,,0,usa,model_wm,fives_proj_40,scen_wm_sensitivities,grid,year,value,region,variable_rename,model,scenario,region,free_y
timeseriesplot,2,Final Energy by Sector,Final Energy|Transportation,Transportation,,0,usa,model_wm,fives_proj_40,scen_wm_sensitivities,grid,year,value,region,variable_rename,model,scenario,region,free_y
timeseriesplot,2,Final Energy by Sector,Final Energy,Total Energy,,0,usa,model_wm,fives_proj_40,scen_wm_sensitivities,grid,year,value,region,variable_rename,model,scenario,region,free_y
timeseriesplot,3,Energy-Related CO2 Emissions,Emissions|CO2|Energy,Energy CO2 Emissions,,0,usa,model_wm,fives_proj_40,scen_wm_sensitivities,grid,year,value,region,variable_rename,model,scenario,region,free_y
timeseriesplot,4,Fossil Emissions,Emissions|CO2|Energy|Coal,Coal,,0,usa,model_wm,fives_proj_40,scen_wm_sensitivities,grid,year,value,region,variable_rename,model,scenario,region,free_y
timeseriesplot,4,Fossil Emissions,Emissions|CO2|Energy|Gas,Gas,,0,usa,model_wm,fives_proj_40,scen_wm_sensitivities,grid,year,value,region,variable_rename,model,scenario,region,free_y
timeseriesplot,4,Fossil Emissions,Emissions|CO2|Energy|Oil,Oil,,0,usa,model_wm,fives_proj_40,scen_wm_sensitivities,grid,year,value,region,variable_rename,model,scenario,region,free_y
timeseriesplot,5,Bioenergy-related sequestration,Carbon Sequestration|CCS|Biomass|Energy,BECCS,,0,usa,model_wm,fives_proj_40,scen_wm_sensitivities,grid,year,value,region,variable_rename,model,scenario,region,free_y
timeseriesplot,5,Bioenergy-related sequestration,Carbon Sequestration|Chemical Feedstocks|Biomass,Biofeedstock,,0,usa,model_wm,fives_proj_40,scen_wm_sensitivities,grid,year,value,region,variable_rename,model,scenario,region,free_y
timeseriesplot,6,Primary Energy Fossil,Primary Energy|Coal,Coal,,0,usa,model_wm,fives_proj_40,scen_wm_sensitivities,grid,year,value,region,variable_rename,model,scenario,region,free_y
timeseriesplot,6,Primary Energy Fossil,Primary Energy|Gas,Gas,,0,usa,model_wm,fives_proj_40,scen_wm_sensitivities,grid,year,value,region,variable_rename,model,scenario,region,free_y
timeseriesplot,6,Primary Energy Fossil,Primary Energy|Oil,Oil,,0,usa,model_wm,fives_proj_40,scen_wm_sensitivities,grid,year,value,region,variable_rename,model,scenario,region,free_y
timeseriesplot,7,Primary Energy Non-Fossil,Primary Energy|Biomass,Biomass,,0,usa,model_wm,fives_proj_40,scen_wm_sensitivities,grid,year,value,region,variable_rename,model,scenario,region,free_y
timeseriesplot,7,Primary Energy Non-Fossil,Primary Energy|Nuclear,Nuclear,,0,usa,model_wm,fives_proj_40,scen_wm_sensitivities,grid,year,value,region,variable_rename,model,scenario,region,free_y
timeseriesplot,7,Primary Energy Non-Fossil,Primary Energy|Wind,Wind,,0,usa,model_wm,fives_proj_40,scen_wm_sensitivities,grid,year,value,region,variable_rename,model,scenario,region,free_y
timeseriesplot,7,Primary Energy Non-Fossil,Primary Energy|Solar,Solar,,0,usa,model_wm,fives_proj_40,scen_wm_sensitivities,grid,year,value,region,variable_rename,model,scenario,region,free_y
timeseriesplot,8,Secondary Energy,Secondary Energy|Biogas,Biogas,,0,usa,model_wm,fives_proj_40,scen_wm_sensitivities,grid,year,value,region,variable_rename,model,scenario,region,free_y
timeseriesplot,8,Secondary Energy,Secondary Energy|Biomass Liquids,Biomass Liquids,,0,usa,model_wm,fives_proj_40,scen_wm_sensitivities,grid,year,value,region,variable_rename,model,scenario,region,free_y
timeseriesplot,8,Secondary Energy,Secondary Energy|Electricity,Electricity,,0,usa,model_wm,fives_proj_40,scen_wm_sensitivities,grid,year,value,region,variable_rename,model,scenario,region,free_y
timeseriesplot,8,Secondary Energy,Secondary Energy|Hydrogen,Hydrogen,,0,usa,model_wm,fives_proj_40,scen_wm_sensitivities,grid,year,value,region,variable_rename,model,scenario,region,free_y
timeseriesplot,8,Secondary Energy,Secondary Energy|Petroleum Refining,Refining,,0,usa,model_wm,fives_proj_40,scen_wm_sensitivities,grid,year,value,region,variable_rename,model,scenario,region,free_y
timeseriesplot,8,Secondary Energy,Secondary Energy|Synthetic Gas,Synthetic Gas,,0,usa,model_wm,fives_proj_40,scen_wm_sensitivities,grid,year,value,region,variable_rename,model,scenario,region,free_y
timeseriesplot,8,Secondary Energy,Secondary Energy|Synthetic Liquids,Synthetic Liquids,,0,usa,model_wm,fives_proj_40,scen_wm_sensitivities,grid,year,value,region,variable_rename,model,scenario,region,free_y
timeseriesplot,9,Energy CO2 Emissions Accounting,Emissions|CO2|Energy,Total Energy, ,0,usa,model_wm,fives_proj_40,scen_wm_sensitivities,grid,year,value,region,variable_rename,model,scenario,region,free_y
timeseriesplot,9,Energy CO2 Emissions Accounting,Emissions|CO2|Energy|Supply,Supply, ,0,usa,model_wm,fives_proj_40,scen_wm_sensitivities,grid,year,value,region,variable_rename,model,scenario,region,free_y
timeseriesplot,9,Energy CO2 Emissions Accounting,Emissions|CO2|Energy|Demand|Industry,Industry, ,0,usa,model_wm,fives_proj_40,scen_wm_sensitivities,grid,year,value,region,variable_rename,model,scenario,region,free_y
timeseriesplot,9,Energy CO2 Emissions Accounting,Emissions|CO2|Energy|Demand|Transportation,Transportation, ,0,usa,model_wm,fives_proj_40,scen_wm_sensitivities,grid,year,value,region,variable_rename,model,scenario,region,free_y
timeseriesplot,9,Energy CO2 Emissions Accounting,Emissions|CO2|Energy|Demand|Buildings,Buildings, ,0,usa,model_wm,fives_proj_40,scen_wm_sensitivities,grid,year,value,region,variable_rename,model,scenario,region,free_y
timeseriesplot,9.1,Energy CO2 Emissions Accounting - with supply breakout,Emissions|CO2|Energy|Supply|Electricity,Electricity, ,0,usa,model_wm,fives_proj_40,scen_wm_sensitivities,grid,year,value,region,variable_rename,model,scenario,region,free_y
timeseriesplot,9.1,Energy CO2 Emissions Accounting - with supply breakout,Emissions|CO2|Energy|Supply|Petroleum Refining,Petroleum Refining, ,0,usa,model_wm,fives_proj_40,scen_wm_sensitivities,grid,year,value,region,variable_rename,model,scenario,region,free_y
timeseriesplot,9.1,Energy CO2 Emissions Accounting - with supply breakout,Emissions|CO2|Energy|Demand|Industry,Industry, ,0,usa,model_wm,fives_proj_40,scen_wm_sensitivities,grid,year,value,region,variable_rename,model,scenario,region,free_y
timeseriesplot,9.1,Energy CO2 Emissions Accounting - with supply breakout,Emissions|CO2|Energy|Demand|Transportation,Transportation, ,0,usa,model_wm,fives_proj_40,scen_wm_sensitivities,grid,year,value,region,variable_rename,model,scenario,region,free_y
timeseriesplot,9.1,Energy CO2 Emissions Accounting - with supply breakout,Emissions|CO2|Energy|Demand|Buildings,Buildings, ,0,usa,model_wm,fives_proj_40,scen_wm_sensitivities,grid,year,value,region,variable_rename,model,scenario,region,free_y
timeseriesplot,10,Energy Supply CO2 Emissions,Emissions|CO2|Energy|Supply|Biogas,Biogas,,0,usa,model_wm,fives_proj_40,scen_wm_sensitivities,grid,year,value,region,variable_rename,model,scenario,region,free_y
timeseriesplot,10,Energy Supply CO2 Emissions,Emissions|CO2|Energy|Supply|Biomass Liquids,Biomass Liquids,,0,usa,model_wm,fives_proj_40,scen_wm_sensitivities,grid,year,value,region,variable_rename,model,scenario,region,free_y
timeseriesplot,10,Energy Supply CO2 Emissions,Emissions|CO2|Energy|Supply|Electricity,Electricity,,0,usa,model_wm,fives_proj_40,scen_wm_sensitivities,grid,year,value,region,variable_rename,model,scenario,region,free_y
timeseriesplot,10,Energy Supply CO2 Emissions,Emissions|CO2|Energy|Supply|Gas,Gas,,0,usa,model_wm,fives_proj_40,scen_wm_sensitivities,grid,year,value,region,variable_rename,model,scenario,region,free_y
timeseriesplot,10,Energy Supply CO2 Emissions,Emissions|CO2|Energy|Supply|Heat,Heat,,0,usa,model_wm,fives_proj_40,scen_wm_sensitivities,grid,year,value,region,variable_rename,model,scenario,region,free_y
timeseriesplot,10,Energy Supply CO2 Emissions,Emissions|CO2|Energy|Supply|Hydrogen,Hydrogen,,0,usa,model_wm,fives_proj_40,scen_wm_sensitivities,grid,year,value,region,variable_rename,model,scenario,region,free_y
timeseriesplot,10,Energy Supply CO2 Emissions,Emissions|CO2|Energy|Supply|Petroleum Refining,Petroleum Refining,,0,usa,model_wm,fives_proj_40,scen_wm_sensitivities,grid,year,value,region,variable_rename,model,scenario,region,free_y
timeseriesplot,10,Energy Supply CO2 Emissions,Emissions|CO2|Energy|Supply|Synthetic Gas,Synthetic Gas,,0,usa,model_wm,fives_proj_40,scen_wm_sensitivities,grid,year,value,region,variable_rename,model,scenario,region,free_y
timeseriesplot,10,Energy Supply CO2 Emissions,Emissions|CO2|Energy|Supply|Synthetic Liquids,Synthetic Liquids,,0,usa,model_wm,fives_proj_40,scen_wm_sensitivities,grid,year,value,region,variable_rename,model,scenario,region,free_y
timeseriesplot,11,Energy CO2 Emissions Accounting - supply breakout,Emissions|CO2|Energy|Demand|Industry,Industry,,0,usa,model_wm,fives_proj_40,scen_wm_sensitivities,grid,year,value,region,variable_rename,model,scenario,region,free_y
timeseriesplot,11,Energy CO2 Emissions Accounting - supply breakout,Emissions|CO2|Energy|Demand|Transportation,Transportation,,0,usa,model_wm,fives_proj_40,scen_wm_sensitivities,grid,year,value,region,variable_rename,model,scenario,region,free_y
timeseriesplot,11,Energy CO2 Emissions Accounting - supply breakout,Emissions|CO2|Energy|Demand|Buildings,Buildings,,0,usa,model_wm,fives_proj_40,scen_wm_sensitivities,grid,year,value,region,variable_rename,model,scenario,region,free_y
timeseriesplot,11,Energy CO2 Emissions Accounting - supply breakout,Emissions|CO2|Energy|Supply|Biogas,Biogas,,0,usa,model_wm,fives_proj_40,scen_wm_sensitivities,grid,year,value,region,variable_rename,model,scenario,region,free_y
timeseriesplot,11,Energy CO2 Emissions Accounting - supply breakout,Emissions|CO2|Energy|Supply|Biomass Liquids,Biomass Liquids,,0,usa,model_wm,fives_proj_40,scen_wm_sensitivities,grid,year,value,region,variable_rename,model,scenario,region,free_y
timeseriesplot,11,Energy CO2 Emissions Accounting - supply breakout,Emissions|CO2|Energy,Total,,0,usa,model_wm,fives_proj_40,scen_wm_sensitivities,grid,year,value,region,variable_rename,model,scenario,region,free_y
timeseriesplot,11,Energy CO2 Emissions Accounting - supply breakout,Emissions|CO2|Energy|Supply|Heat,Heat,,0,usa,model_wm,fives_proj_40,scen_wm_sensitivities,grid,year,value,region,variable_rename,model,scenario,region,free_y
timeseriesplot,11,Energy CO2 Emissions Accounting - supply breakout,Emissions|CO2|Energy|Supply|Hydrogen,Hydrogen,,0,usa,model_wm,fives_proj_40,scen_wm_sensitivities,grid,year,value,region,variable_rename,model,scenario,region,free_y
timeseriesplot,11,Energy CO2 Emissions Accounting - supply breakout,Emissions|CO2|Energy|Supply|Petroleum Refining,Petroleum Refining,,0,usa,model_wm,fives_proj_40,scen_wm_sensitivities,grid,year,value,region,variable_rename,model,scenario,region,free_y
timeseriesplot,11,Energy CO2 Emissions Accounting - supply breakout,Emissions|CO2|Energy|Supply|Synthetic Gas,Synthetic Fuels,,0,usa,model_wm,fives_proj_40,scen_wm_sensitivities,grid,year,value,region,variable_rename,model,scenario,region,free_y
timeseriesplot,11,Energy CO2 Emissions Accounting - supply breakout,Emissions|CO2|Energy|Supply|Synthetic Liquids,Synthetic Fuels,,0,usa,model_wm,fives_proj_40,scen_wm_sensitivities,grid,year,value,region,variable_rename,model,scenario,region,free_y
timeseriesplot,11,Energy CO2 Emissions Accounting - supply breakout,Emissions|CO2|Energy|Supply|Electricity,Electricity,,0,usa,model_wm,fives_proj_40,scen_wm_sensitivities,grid,year,value,region,variable_rename,model,scenario,region,free_y
timeseriesplot,12,Population,Population,Population,,0,usa,model_wm,fives_proj_40,scen_wm_sensitivities,grid,year,value,region,variable_rename,model,scenario,region,free_y
timeseriesplot,13,GDP,GDP|MER,GDP,,0,usa,model_wm,fives_proj_40,scen_wm_sensitivities,grid,year,value,region,variable_rename,model,scenario,region,free_y
timeseriesplot,14,Final Energy by Sector - Percent Electricity,Final Energy|Buildings|Percent Electricity,Buildings,,0,usa,model_wm,fives_proj_40,scen_wm_sensitivities,grid,year,value,region,variable_rename,model,scenario,region,free_y
timeseriesplot,14,Final Energy by Sector - Percent Electricity,Final Energy|Industry|Percent Electricity,Industry,,0,usa,model_wm,fives_proj_40,scen_wm_sensitivities,grid,year,value,region,variable_rename,model,scenario,region,free_y
timeseriesplot,14,Final Energy by Sector - Percent Electricity,Final Energy|Transportation|Percent Electricity,Transportation,,0,usa,model_wm,fives_proj_40,scen_wm_sensitivities,grid,year,value,region,variable_rename,model,scenario,region,free_y
timeseriesplot,14,Final Energy by Sector - Percent Electricity,Final Energy|Percent Electricity,Total Electricity,,0,usa,model_wm,fives_proj_40,scen_wm_sensitivities,grid,year,value,region,variable_rename,model,scenario,region,free_y
timeseriesplot,15,Electricity Generation,Secondary Energy|Electricity|Coal,Coal,,0,usa,model_wm,fives_proj_40,scen_wm_sensitivities,grid,year,value,region,variable_rename,model,scenario,region,free_y
timeseriesplot,15,Electricity Generation,Secondary Energy|Electricity|Gas,Gas,,0,usa,model_wm,fives_proj_40,scen_wm_sensitivities,grid,year,value,region,variable_rename,model,scenario,region,free_y
timeseriesplot,15,Electricity Generation,Secondary Energy|Electricity|Solar,Solar,,0,usa,model_wm,fives_proj_40,scen_wm_sensitivities,grid,year,value,region,variable_rename,model,scenario,region,free_y
timeseriesplot,15,Electricity Generation,Secondary Energy|Electricity|Wind,Wind,,0,usa,model_wm,fives_proj_40,scen_wm_sensitivities,grid,year,value,region,variable_rename,model,scenario,region,free_y
timeseriesplot,15.01,Electricity Generation,Secondary Energy|Electricity|Oil,Oil,,0,usa,model_wm,fives_proj_40,scen_wm_sensitivities,grid,year,value,region,variable_rename,model,scenario,region,free_y
timeseriesplot,15.1,Electricity Generation,Secondary Energy|Electricity,Electricity Demand,,0,usa,model_wm,fives_proj_40,scen_wm_sensitivities,grid,year,value,region,variable_rename,model,scenario,region,free_y
timeseriesplot,15.2,Electricity Generation,Secondary Energy|Electricity,Electricity Demand,,0,usa,model_wm,fives_proj_40,scen_wm_sensitivities,grid,year,value,region,variable_rename,model,scenario,region,free_y
timeseriesplot,15.2,Electricity Generation,Secondary Energy|Electricity|Coal,Coal,,0,usa,model_wm,fives_proj_40,scen_wm_sensitivities,grid,year,value,region,variable_rename,model,scenario,region,free_y
timeseriesplot,15.2,Electricity Generation,Secondary Energy|Electricity|Gas,Gas,,0,usa,model_wm,fives_proj_40,scen_wm_sensitivities,grid,year,value,region,variable_rename,model,scenario,region,free_y
timeseriesplot,15.2,Electricity Generation,Secondary Energy|Electricity|Solar,Solar,,0,usa,model_wm,fives_proj_40,scen_wm_sensitivities,grid,year,value,region,variable_rename,model,scenario,region,free_y
timeseriesplot,15.2,Electricity Generation,Secondary Energy|Electricity|Wind,Wind,,0,usa,model_wm,fives_proj_40,scen_wm_sensitivities,grid,year,value,region,variable_rename,model,scenario,region,free_y
timeseriesplot,16,Electricity Capacity,Capacity|Electricity|Coal,Coal,,0,usa,model_wm,fives_proj_40,scen_wm_sensitivities,grid,year,value,region,variable_rename,model,scenario,region,free_y
timeseriesplot,16,Electricity Capacity,Capacity|Electricity|Gas,Gas,,0,usa,model_wm,fives_proj_40,scen_wm_sensitivities,grid,year,value,region,variable_rename,model,scenario,region,free_y
timeseriesplot,16,Electricity Capacity,Capacity|Electricity|Oil,Oil,,0,usa,model_wm,fives_proj_40,scen_wm_sensitivities,grid,year,value,region,variable_rename,model,scenario,region,free_y
timeseriesplot,16,Electricity Capacity,Capacity|Electricity|Solar,Solar,,0,usa,model_wm,fives_proj_40,scen_wm_sensitivities,grid,year,value,region,variable_rename,model,scenario,region,free_y
timeseriesplot,16,Electricity Capacity,Capacity|Electricity|Storage Capacity,Storage,,0,usa,model_wm,fives_proj_40,scen_wm_sensitivities,grid,year,value,region,variable_rename,model,scenario,region,free_y
timeseriesplot,16,Electricity Capacity,Capacity|Electricity|Wind,Wind,,0,usa,model_wm,fives_proj_40,scen_wm_sensitivities,grid,year,value,region,variable_rename,model,scenario,region,free_y
timeseriesplot,17,Final Energy - Buildings,Final Energy|Buildings|Coal,Coal,,0,usa,model_wm,fives_proj_40,scen_wm_sensitivities,grid,year,value,region,variable_rename,model,scenario,region,free_y
timeseriesplot,17,Final Energy - Buildings,Final Energy|Buildings|Gas,Gas,,0,usa,model_wm,fives_proj_40,scen_wm_sensitivities,grid,year,value,region,variable_rename,model,scenario,region,free_y
timeseriesplot,17,Final Energy - Buildings,Final Energy|Buildings|Oil,Oil,,0,usa,model_wm,fives_proj_40,scen_wm_sensitivities,grid,year,value,region,variable_rename,model,scenario,region,free_y
timeseriesplot,17,Final Energy - Buildings,Final Energy|Buildings|Electricity,Electricity,,0,usa,model_wm,fives_proj_40,scen_wm_sensitivities,grid,year,value,region,variable_rename,model,scenario,region,free_y
timeseriesplot,17,Final Energy - Buildings,Final Energy|Buildings,Total Energy,,0,usa,model_wm,fives_proj_40,scen_wm_sensitivities,grid,year,value,region,variable_rename,model,scenario,region,free_y
timeseriesplot,18,Final Energy - Industry,Final Energy|Industry|Coal,Coal,,0,usa,model_wm,fives_proj_40,scen_wm_sensitivities,grid,year,value,region,variable_rename,model,scenario,region,free_y
timeseriesplot,18,Final Energy - Industry,Final Energy|Industry|Gas,Gas,,0,usa,model_wm,fives_proj_40,scen_wm_sensitivities,grid,year,value,region,variable_rename,model,scenario,region,free_y
timeseriesplot,18,Final Energy - Industry,Final Energy|Industry|Oil,Oil,,0,usa,model_wm,fives_proj_40,scen_wm_sensitivities,grid,year,value,region,variable_rename,model,scenario,region,free_y
timeseriesplot,18,Final Energy - Industry,Final Energy|Industry|Electricity,Electricity,,0,usa,model_wm,fives_proj_40,scen_wm_sensitivities,grid,year,value,region,variable_rename,model,scenario,region,free_y
timeseriesplot,18,Final Energy - Industry,Final Energy|Industry,Total Energy,,0,usa,model_wm,fives_proj_40,scen_wm_sensitivities,grid,year,value,region,variable_rename,model,scenario,region,free_y
timeseriesplot,19,Final Energy - Transportation,Final Energy|Transportation|Gas,Gas,,0,usa,model_wm,fives_proj_40,scen_wm_sensitivities,grid,year,value,region,variable_rename,model,scenario,region,free_y
timeseriesplot,19,Final Energy - Transportation,Final Energy|Transportation|Oil,Oil,,0,usa,model_wm,fives_proj_40,scen_wm_sensitivities,grid,year,value,region,variable_rename,model,scenario,region,free_y
timeseriesplot,19,Final Energy - Transportation,Final Energy|Transportation|Electricity,Electricity,,0,usa,model_wm,fives_proj_40,scen_wm_sensitivities,grid,year,value,region,variable_rename,model,scenario,region,free_y
timeseriesplot,19,Final Energy - Transportation,Final Energy|Transportation|Biogas,Biogas,,0,usa,model_wm,fives_proj_40,scen_wm_sensitivities,grid,year,value,region,variable_rename,model,scenario,region,free_y
timeseriesplot,19,Final Energy - Transportation,Final Energy|Transportation|Biomass Liquids,Biomass Liquids,,0,usa,model_wm,fives_proj_40,scen_wm_sensitivities,grid,year,value,region,variable_rename,model,scenario,region,free_y
timeseriesplot,19,Final Energy - Transportation,Final Energy|Transportation|Hydrogen,Hydrogen,,0,usa,model_wm,fives_proj_40,scen_wm_sensitivities,grid,year,value,region,variable_rename,model,scenario,region,free_y
timeseriesplot,19,Final Energy - Transportation,Final Energy|Transportation,Total Energy,,0,usa,model_wm,fives_proj_40,scen_wm_sensitivities,grid,year,value,region,variable_rename,model,scenario,region,free_y
timeseriesplot,20,Electricity Generation - Combustion,Secondary Energy|Electricity|Biomass|w/ CCS,Biomass w/ CCS,,0,usa,model_wm,fives_proj_40,scen_wm_sensitivities,grid,year,value,region,variable_rename,model,scenario,region,free_y
timeseriesplot,20,Electricity Generation - Combustion,Secondary Energy|Electricity|Biomass|w/o CCS,Biomass w/o CCS,,0,usa,model_wm,fives_proj_40,scen_wm_sensitivities,grid,year,value,region,variable_rename,model,scenario,region,free_y
timeseriesplot,20,Electricity Generation - Combustion,Secondary Energy|Electricity|Coal|w/ CCS,Coal w/ CCS,,0,usa,model_wm,fives_proj_40,scen_wm_sensitivities,grid,year,value,region,variable_rename,model,scenario,region,free_y
timeseriesplot,20,Electricity Generation - Combustion,Secondary Energy|Electricity|Coal|w/o CCS,Coal w/o CCS,,0,usa,model_wm,fives_proj_40,scen_wm_sensitivities,grid,year,value,region,variable_rename,model,scenario,region,free_y
timeseriesplot,20,Electricity Generation - Combustion,Secondary Energy|Electricity|Gas|w/ CCS,Gas w/ CCS,,0,usa,model_wm,fives_proj_40,scen_wm_sensitivities,grid,year,value,region,variable_rename,model,scenario,region,free_y
timeseriesplot,20,Electricity Generation - Combustion,Secondary Energy|Electricity|Gas|w/o CCS,Gas w/o CCS,,0,usa,model_wm,fives_proj_40,scen_wm_sensitivities,grid,year,value,region,variable_rename,model,scenario,region,free_y
timeseriesplot,20,Electricity Generation - Combustion,Secondary Energy|Electricity|Oil|w/ CCS,Oil w/ CCS,,0,usa,model_wm,fives_proj_40,scen_wm_sensitivities,grid,year,value,region,variable_rename,model,scenario,region,free_y
timeseriesplot,20,Electricity Generation - Combustion,Secondary Energy|Electricity|Oil|w/o CCS,Oil w/o CCS,,0,usa,model_wm,fives_proj_40,scen_wm_sensitivities,grid,year,value,region,variable_rename,model,scenario,region,free_y
timeseriesplot,20,Electricity Generation - Combustion,Secondary Energy|Electricity|Hydrogen,Hydrogen,,0,usa,model_wm,fives_proj_40,scen_wm_sensitivities,grid,year,value,region,variable_rename,model,scenario,region,free_y
timeseriesplot,20,Electricity Generation - Combustion,Secondary Energy|Electricity|Synthetic Gas,Synthetic Gas,,0,usa,model_wm,fives_proj_40,scen_wm_sensitivities,grid,year,value,region,variable_rename,model,scenario,region,free_y
timeseriesplot,20,Electricity Generation - Combustion,Secondary Energy|Electricity|Synthetic Liquids,Synthetic Liquids,,0,usa,model_wm,fives_proj_40,scen_wm_sensitivities,grid,year,value,region,variable_rename,model,scenario,region,free_y
timeseriesplot,21,Electricity Capacity - Non-Combustion,Capacity|Electricity|Nuclear,Nuclear,,0,usa,model_wm,fives_proj_40,scen_wm_sensitivities,grid,year,value,region,variable_rename,model,scenario,region,free_y
timeseriesplot,21,Electricity Capacity - Non-Combustion,Capacity|Electricity|Solar,Solar,,0,usa,model_wm,fives_proj_40,scen_wm_sensitivities,grid,year,value,region,variable_rename,model,scenario,region,free_y
timeseriesplot,21,Electricity Capacity - Non-Combustion,Capacity|Electricity|Wind,Wind,,0,usa,model_wm,fives_proj_40,scen_wm_sensitivities,grid,year,value,region,variable_rename,model,scenario,region,free_y
timeseriesplot,22,Electricity Capacity - Combustion,Capacity|Electricity|Biomass|w/ CCS,Biomass,CCS,0,usa,model_wm,fives_proj_40,scen_wm_sensitivities,grid,year,value,facet_variable,variable_rename,model,scenario,region,free_y
timeseriesplot,22,Electricity Capacity - Combustion,Capacity|Electricity|Biomass|w/o CCS,Biomass,Non-CCS,0,usa,model_wm,fives_proj_40,scen_wm_sensitivities,grid,year,value,facet_variable,variable_rename,model,scenario,region,free_y
timeseriesplot,22,Electricity Capacity - Combustion,Capacity|Electricity|Coal|w/ CCS,Coal,CCS,0,usa,model_wm,fives_proj_40,scen_wm_sensitivities,grid,year,value,facet_variable,variable_rename,model,scenario,region,free_y
timeseriesplot,22,Electricity Capacity - Combustion,Capacity|Electricity|Coal|w/o CCS,Coal,Non-CCS,0,usa,model_wm,fives_proj_40,scen_wm_sensitivities,grid,year,value,facet_variable,variable_rename,model,scenario,region,free_y
timeseriesplot,22,Electricity Capacity - Combustion,Capacity|Electricity|Gas|w/ CCS,Gas,CCS,0,usa,model_wm,fives_proj_40,scen_wm_sensitivities,grid,year,value,facet_variable,variable_rename,model,scenario,region,free_y
timeseriesplot,22,Electricity Capacity - Combustion,Capacity|Electricity|Gas|w/o CCS,Gas,Non-CCS,0,usa,model_wm,fives_proj_40,scen_wm_sensitivities,grid,year,value,facet_variable,variable_rename,model,scenario,region,free_y
timeseriesplot,22,Electricity Capacity - Combustion,Capacity|Electricity|Oil|w/ CCS,Oil,CCS,0,usa,model_wm,fives_proj_40,scen_wm_sensitivities,grid,year,value,facet_variable,variable_rename,model,scenario,region,free_y
timeseriesplot,22,Electricity Capacity - Combustion,Capacity|Electricity|Oil|w/o CCS,Oil,Non-CCS,0,usa,model_wm,fives_proj_40,scen_wm_sensitivities,grid,year,value,facet_variable,variable_rename,model,scenario,region,free_y
timeseriesplot,23,Electricity Generation - Non-Combustion,Secondary Energy|Electricity|Nuclear,Nuclear,,0,usa,model_wm,fives_proj_40,scen_wm_sensitivities,grid,year,value,region,variable_rename,model,scenario,region,free_y
timeseriesplot,23,Electricity Generation - Non-Combustion,Secondary Energy|Electricity|Solar,Solar,,0,usa,model_wm,fives_proj_40,scen_wm_sensitivities,grid,year,value,region,variable_rename,model,scenario,region,free_y
timeseriesplot,23,Electricity Generation - Non-Combustion,Secondary Energy|Electricity|Wind,Wind,,0,usa,model_wm,fives_proj_40,scen_wm_sensitivities,grid,year,value,region,variable_rename,model,scenario,region,free_y
timeseriesplot,24,Final Energy by Fuel - Electricity,Final Energy|Coal,Coal,,0,usa,model_wm,fives_proj_40,scen_wm_sensitivities,wrap,year,value,region,variable_rename,model,scenario,region,free_y
timeseriesplot,24,Final Energy by Fuel - Electricity,Final Energy|Gas,Gas,,0,usa,model_wm,fives_proj_40,scen_wm_sensitivities,wrap,year,value,region,variable_rename,model,scenario,region,free_y
timeseriesplot,24,Final Energy by Fuel - Electricity,Final Energy|Oil,Oil,,0,usa,model_wm,fives_proj_40,scen_wm_sensitivities,wrap,year,value,region,variable_rename,model,scenario,region,free_y
timeseriesplot,24,Final Energy by Fuel - Electricity,Final Energy|Biogas,Biogas,,0,usa,model_wm,fives_proj_40,scen_wm_sensitivities,wrap,year,value,region,variable_rename,model,scenario,region,free_y
timeseriesplot,24,Final Energy by Fuel - Electricity,Final Energy|Biomass Liquids,Biomass Liquids,,0,usa,model_wm,fives_proj_40,scen_wm_sensitivities,wrap,year,value,region,variable_rename,model,scenario,region,free_y
timeseriesplot,24,Final Energy by Fuel - Electricity,Final Energy|Electricity,Electricity,,0,usa,model_wm,fives_proj_40,scen_wm_sensitivities,wrap,year,value,region,variable_rename,model,scenario,region,free_y
timeseriesplot,24,Final Energy by Fuel - Electricity,Final Energy|Hydrogen,Hydrogen,,0,usa,model_wm,fives_proj_40,scen_wm_sensitivities,wrap,year,value,region,variable_rename,model,scenario,region,free_y
timeseriesplot,25,Secondary Energy,Secondary Energy|Biogas,Biogas,,0,usa,model_wm,fives_proj_40,scen_wm_sensitivities,wrap,year,value,region,variable_rename,model,scenario,region,free_y
timeseriesplot,25,Secondary Energy,Secondary Energy|Biomass Liquids,Biomass Liquids,,0,usa,model_wm,fives_proj_40,scen_wm_sensitivities,wrap,year,value,region,variable_rename,model,scenario,region,free_y
timeseriesplot,25,Secondary Energy,Secondary Energy|Electricity,Electricity,,0,usa,model_wm,fives_proj_40,scen_wm_sensitivities,wrap,year,value,region,variable_rename,model,scenario,region,free_y
timeseriesplot,25,Secondary Energy,Secondary Energy|Hydrogen,Hydrogen,,0,usa,model_wm,fives_proj_40,scen_wm_sensitivities,wrap,year,value,region,variable_rename,model,scenario,region,free_y
timeseriesplot,25,Secondary Energy,Secondary Energy|Petroleum Refining,Refining,,0,usa,model_wm,fives_proj_40,scen_wm_sensitivities,wrap,year,value,region,variable_rename,model,scenario,region,free_y
timeseriesplot,25,Secondary Energy,Secondary Energy|Synthetic Gas,Synthetic Gas,,0,usa,model_wm,fives_proj_40,scen_wm_sensitivities,wrap,year,value,region,variable_rename,model,scenario,region,free_y
timeseriesplot,25,Secondary Energy,Secondary Energy|Synthetic Liquids,Synthetic Liquids,,0,usa,model_wm,fives_proj_40,scen_wm_sensitivities,wrap,year,value,region,variable_rename,model,scenario,region,free_y
timeseriesplot,26,Electricity Capacity,Capacity|Electricity|Coal,Coal,,0,usa,model_wm,fives_proj_40,scen_wm_sensitivities,wrap,year,value,region,variable_rename,model,scenario,region,free_y
timeseriesplot,26,Electricity Capacity,Capacity|Electricity|Gas,Gas,,0,usa,model_wm,fives_proj_40,scen_wm_sensitivities,wrap,year,value,region,variable_rename,model,scenario,region,free_y
timeseriesplot,26,Electricity Capacity,Capacity|Electricity|Oil,Oil,,0,usa,model_wm,fives_proj_40,scen_wm_sensitivities,wrap,year,value,region,variable_rename,model,scenario,region,free_y
timeseriesplot,26,Electricity Capacity,Capacity|Electricity|Solar,Solar,,0,usa,model_wm,fives_proj_40,scen_wm_sensitivities,wrap,year,value,region,variable_rename,model,scenario,region,free_y
timeseriesplot,26,Electricity Capacity,Capacity|Electricity|Storage Capacity,Storage,,0,usa,model_wm,fives_proj_40,scen_wm_sensitivities,wrap,year,value,region,variable_rename,model,scenario,region,free_y
timeseriesplot,26,Electricity Capacity,Capacity|Electricity|Wind,Wind,,0,usa,model_wm,fives_proj_40,scen_wm_sensitivities,wrap,year,value,region,variable_rename,model,scenario,region,free_y
timeseriesplot,26,Electricity Capacity,Capacity|Electricity,Total Electricity,,0,usa,model_wm,fives_proj_40,scen_wm_sensitivities,wrap,year,value,region,variable_rename,model,scenario,region,free_y
timeseriesplot,27,Electricity Generation,Secondary Energy|Electricity|Coal,Coal,,0,usa,model_wm,fives_proj_40,scen_wm_sensitivities,wrap,year,value,region,variable_rename,model,scenario,region,free_y
timeseriesplot,27,Electricity Generation,Secondary Energy|Electricity|Gas,Gas,,0,usa,model_wm,fives_proj_40,scen_wm_sensitivities,wrap,year,value,region,variable_rename,model,scenario,region,free_y
timeseriesplot,27,Electricity Generation,Secondary Energy|Electricity|Oil,Oil,,0,usa,model_wm,fives_proj_40,scen_wm_sensitivities,wrap,year,value,region,variable_rename,model,scenario,region,free_y
timeseriesplot,27,Electricity Generation,Secondary Energy|Electricity|Solar,Solar,,0,usa,model_wm,fives_proj_40,scen_wm_sensitivities,wrap,year,value,region,variable_rename,model,scenario,region,free_y
timeseriesplot,27,Electricity Generation,Secondary Energy|Electricity|Wind,Wind,,0,usa,model_wm,fives_proj_40,scen_wm_sensitivities,wrap,year,value,region,variable_rename,model,scenario,region,free_y
timeseriesplot,27,Electricity Generation,Secondary Energy|Electricity,Total Electricity,,0,usa,model_wm,fives_proj_40,scen_wm_sensitivities,wrap,year,value,region,variable_rename,model,scenario,region,free_y
timeseriesplot,28,Electricity Generation - Combustion,Secondary Energy|Electricity|Biomass|w/ CCS,Biomass w/ CCS,,0,usa,model_wm,fives_proj_40,scen_wm_sensitivities,wrap,year,value,region,variable_rename,model,scenario,region,free_y
timeseriesplot,28,Electricity Generation - Combustion,Secondary Energy|Electricity|Biomass|w/o CCS,Biomass w/o CCS,,0,usa,model_wm,fives_proj_40,scen_wm_sensitivities,wrap,year,value,region,variable_rename,model,scenario,region,free_y
timeseriesplot,28,Electricity Generation - Combustion,Secondary Energy|Electricity|Coal|w/ CCS,Coal w/ CCS,,0,usa,model_wm,fives_proj_40,scen_wm_sensitivities,wrap,year,value,region,variable_rename,model,scenario,region,free_y
timeseriesplot,28,Electricity Generation - Combustion,Secondary Energy|Electricity|Coal|w/o CCS,Coal w/o CCS,,0,usa,model_wm,fives_proj_40,scen_wm_sensitivities,wrap,year,value,region,variable_rename,model,scenario,region,free_y
timeseriesplot,28,Electricity Generation - Combustion,Secondary Energy|Electricity|Gas|w/ CCS,Gas w/ CCS,,0,usa,model_wm,fives_proj_40,scen_wm_sensitivities,wrap,year,value,region,variable_rename,model,scenario,region,free_y
timeseriesplot,28,Electricity Generation - Combustion,Secondary Energy|Electricity|Gas|w/o CCS,Gas w/o CCS,,0,usa,model_wm,fives_proj_40,scen_wm_sensitivities,wrap,year,value,region,variable_rename,model,scenario,region,free_y
timeseriesplot,28,Electricity Generation - Combustion,Secondary Energy|Electricity|Oil|w/ CCS,Oil w/ CCS,,0,usa,model_wm,fives_proj_40,scen_wm_sensitivities,wrap,year,value,region,variable_rename,model,scenario,region,free_y
timeseriesplot,28,Electricity Generation - Combustion,Secondary Energy|Electricity|Oil|w/o CCS,Oil w/o CCS,,0,usa,model_wm,fives_proj_40,scen_wm_sensitivities,wrap,year,value,region,variable_rename,model,scenario,region,free_y
timeseriesplot,28,Electricity Generation - Combustion,Secondary Energy|Electricity|Hydrogen,Hydrogen,,0,usa,model_wm,fives_proj_40,scen_wm_sensitivities,wrap,year,value,region,variable_rename,model,scenario,region,free_y
timeseriesplot,28,Electricity Generation - Combustion,Secondary Energy|Electricity|Synthetic Gas,Synthetic Gas,,0,usa,model_wm,fives_proj_40,scen_wm_sensitivities,wrap,year,value,region,variable_rename,model,scenario,region,free_y
timeseriesplot,28,Electricity Generation - Combustion,Secondary Energy|Electricity|Synthetic Liquids,Synthetic Liquids,,0,usa,model_wm,fives_proj_40,scen_wm_sensitivities,wrap,year,value,region,variable_rename,model,scenario,region,free_y
timeseriesplot,29,Electricity Capacity - Combustion,Capacity|Electricity|Biomass|w/ CCS,Biomass w/ CCS,,0,usa,model_wm,fives_proj_40,scen_wm_sensitivities,wrap,year,value,region,variable_rename,model,scenario,region,free_y
timeseriesplot,29,Electricity Capacity - Combustion,Capacity|Electricity|Biomass|w/o CCS,Biomass w/o CCS,,0,usa,model_wm,fives_proj_40,scen_wm_sensitivities,wrap,year,value,region,variable_rename,model,scenario,region,free_y
timeseriesplot,29,Electricity Capacity - Combustion,Capacity|Electricity|Coal|w/ CCS,Coal w/ CCS,,0,usa,model_wm,fives_proj_40,scen_wm_sensitivities,wrap,year,value,region,variable_rename,model,scenario,region,free_y
timeseriesplot,29,Electricity Capacity - Combustion,Capacity|Electricity|Coal|w/o CCS,Coal w/o CCS,,0,usa,model_wm,fives_proj_40,scen_wm_sensitivities,wrap,year,value,region,variable_rename,model,scenario,region,free_y
timeseriesplot,29,Electricity Capacity - Combustion,Capacity|Electricity|Gas|w/ CCS,Gas w/ CCS,,0,usa,model_wm,fives_proj_40,scen_wm_sensitivities,wrap,year,value,region,variable_rename,model,scenario,region,free_y
timeseriesplot,29,Electricity Capacity - Combustion,Capacity|Electricity|Gas|w/o CCS,Gas w/o CCS,,0,usa,model_wm,fives_proj_40,scen_wm_sensitivities,wrap,year,value,region,variable_rename,model,scenario,region,free_y
timeseriesplot,29,Electricity Capacity - Combustion,Capacity|Electricity|Oil|w/ CCS,Oil w/ CCS,,0,usa,model_wm,fives_proj_40,scen_wm_sensitivities,wrap,year,value,region,variable_rename,model,scenario,region,free_y
timeseriesplot,29,Electricity Capacity - Combustion,Capacity|Electricity|Oil|w/o CCS,Oil w/o CCS,,0,usa,model_wm,fives_proj_40,scen_wm_sensitivities,wrap,year,value,region,variable_rename,model,scenario,region,free_y
timeseriesplot,30,Energy CO2 Emissions by Fuel,Emissions|CO2|Energy|Coal,Coal,,0,usa,model_wm,fives_proj_40,scen_wm_sensitivities,grid,year,value,region,variable_rename,model,scenario,region,free_y
timeseriesplot,30,Energy CO2 Emissions by Fuel,Emissions|CO2|Energy|Gas,Gas,,0,usa,model_wm,fives_proj_40,scen_wm_sensitivities,grid,year,value,region,variable_rename,model,scenario,region,free_y
timeseriesplot,30,Energy CO2 Emissions by Fuel,Emissions|CO2|Energy|Oil,Oil,,0,usa,model_wm,fives_proj_40,scen_wm_sensitivities,grid,year,value,region,variable_rename,model,scenario,region,free_y
timeseriesplot,31,"Final Energy - Buildings, Residential",Final Energy|Buildings|Residential,Total Energy,,0,usa,model_wm,fives_proj_40,scen_wm_sensitivities,grid,year,value,region,variable_rename,model,scenario,region,free_y
timeseriesplot,31,"Final Energy - Buildings, Residential",Final Energy|Buildings|Residential|Biogas,Biogas,,0,usa,model_wm,fives_proj_40,scen_wm_sensitivities,grid,year,value,region,variable_rename,model,scenario,region,free_y
timeseriesplot,31,"Final Energy - Buildings, Residential",Final Energy|Buildings|Residential|Biomass Liquids,Biomass Liquids,,0,usa,model_wm,fives_proj_40,scen_wm_sensitivities,grid,year,value,region,variable_rename,model,scenario,region,free_y
timeseriesplot,31,"Final Energy - Buildings, Residential",Final Energy|Buildings|Residential|Biomass Solids,Biomass Solids,,0,usa,model_wm,fives_proj_40,scen_wm_sensitivities,grid,year,value,region,variable_rename,model,scenario,region,free_y
timeseriesplot,31,"Final Energy - Buildings, Residential",Final Energy|Buildings|Residential|Electricity,Electricity,,0,usa,model_wm,fives_proj_40,scen_wm_sensitivities,grid,year,value,region,variable_rename,model,scenario,region,free_y
timeseriesplot,31,"Final Energy - Buildings, Residential",Final Energy|Buildings|Residential|Gas,Gas,,0,usa,model_wm,fives_proj_40,scen_wm_sensitivities,grid,year,value,region,variable_rename,model,scenario,region,free_y
timeseriesplot,31,"Final Energy - Buildings, Residential",Final Energy|Buildings|Residential|Hydrogen,Hydrogen,,0,usa,model_wm,fives_proj_40,scen_wm_sensitivities,grid,year,value,region,variable_rename,model,scenario,region,free_y
timeseriesplot,31,"Final Energy - Buildings, Residential",Final Energy|Buildings|Residential|Oil,Oil,,0,usa,model_wm,fives_proj_40,scen_wm_sensitivities,grid,year,value,region,variable_rename,model,scenario,region,free_y
timeseriesplot,32,"Final Energy - Buildings, Commercial",Final Energy|Buildings|Commercial,Total Energy,,0,usa,model_wm,fives_proj_40,scen_wm_sensitivities,grid,year,value,region,variable_rename,model,scenario,region,free_y
timeseriesplot,32,"Final Energy - Buildings, Commercial",Final Energy|Buildings|Commercial|Biogas,Biogas,,0,usa,model_wm,fives_proj_40,scen_wm_sensitivities,grid,year,value,region,variable_rename,model,scenario,region,free_y
timeseriesplot,32,"Final Energy - Buildings, Commercial",Final Energy|Buildings|Commercial|Biomass Liquids,Biomass Liquids,,0,usa,model_wm,fives_proj_40,scen_wm_sensitivities,grid,year,value,region,variable_rename,model,scenario,region,free_y
timeseriesplot,32,"Final Energy - Buildings, Commercial",Final Energy|Buildings|Commercial|Biomass Solids,Biomass Solids,,0,usa,model_wm,fives_proj_40,scen_wm_sensitivities,grid,year,value,region,variable_rename,model,scenario,region,free_y
timeseriesplot,32,"Final Energy - Buildings, Commercial",Final Energy|Buildings|Commercial|Electricity,Electricity,,0,usa,model_wm,fives_proj_40,scen_wm_sensitivities,grid,year,value,region,variable_rename,model,scenario,region,free_y
timeseriesplot,32,"Final Energy - Buildings, Commercial",Final Energy|Buildings|Commercial|Gas,Gas,,0,usa,model_wm,fives_proj_40,scen_wm_sensitivities,grid,year,value,region,variable_rename,model,scenario,region,free_y
timeseriesplot,32,"Final Energy - Buildings, Commercial",Final Energy|Buildings|Commercial|Hydrogen,Hydrogen,,0,usa,model_wm,fives_proj_40,scen_wm_sensitivities,grid,year,value,region,variable_rename,model,scenario,region,free_y
timeseriesplot,32,"Final Energy - Buildings, Commercial",Final Energy|Buildings|Commercial|Oil,Oil,,0,usa,model_wm,fives_proj_40,scen_wm_sensitivities,grid,year,value,region,variable_rename,model,scenario,region,free_y
timeseriesplot,33,Vehicles Sales Share,Energy Service|Transportation|Freight|BEV|Sales Share,BEV,Freight,0,usa,model_wm,fives_proj_40,scen_wm_sensitivities,grid,year,value,facet_variable,variable_rename,model,scenario,region,free_y
timeseriesplot,33,Vehicles Sales Share,Energy Service|Transportation|Freight|FCEV|Sales Share,FCEV,Freight,0,usa,model_wm,fives_proj_40,scen_wm_sensitivities,grid,year,value,facet_variable,variable_rename,model,scenario,region,free_y
timeseriesplot,33,Vehicles Sales Share,Energy Service|Transportation|Freight|HEV|Sales Share,HEV,Freight,0,usa,model_wm,fives_proj_40,scen_wm_sensitivities,grid,year,value,facet_variable,variable_rename,model,scenario,region,free_y
timeseriesplot,33,Vehicles Sales Share,Energy Service|Transportation|Freight|ICE|Sales Share,ICE,Freight,0,usa,model_wm,fives_proj_40,scen_wm_sensitivities,grid,year,value,facet_variable,variable_rename,model,scenario,region,free_y
timeseriesplot,33,Vehicles Sales Share,Energy Service|Transportation|Freight|PHEV|Sales Share,PHEV,Freight,0,usa,model_wm,fives_proj_40,scen_wm_sensitivities,grid,year,value,facet_variable,variable_rename,model,scenario,region,free_y
timeseriesplot,33,Vehicles Sales Share,Energy Service|Transportation|Passenger|BEV|Sales Share,BEV,Passenger,0,usa,model_wm,fives_proj_40,scen_wm_sensitivities,grid,year,value,facet_variable,variable_rename,model,scenario,region,free_y
timeseriesplot,33,Vehicles Sales Share,Energy Service|Transportation|Passenger|FCEV|Sales Share,FCEV,Passenger,0,usa,model_wm,fives_proj_40,scen_wm_sensitivities,grid,year,value,facet_variable,variable_rename,model,scenario,region,free_y
timeseriesplot,33,Vehicles Sales Share,Energy Service|Transportation|Passenger|HEV|Sales Share,HEV,Passenger,0,usa,model_wm,fives_proj_40,scen_wm_sensitivities,grid,year,value,facet_variable,variable_rename,model,scenario,region,free_y
timeseriesplot,33,Vehicles Sales Share,Energy Service|Transportation|Passenger|ICE|Sales Share,ICE,Passenger,0,usa,model_wm,fives_proj_40,scen_wm_sensitivities,grid,year,value,facet_variable,variable_rename,model,scenario,region,free_y
timeseriesplot,33,Vehicles Sales Share,Energy Service|Transportation|Passenger|PHEV|Sales Share,PHEV,Passenger,0,usa,model_wm,fives_proj_40,scen_wm_sensitivities,grid,year,value,facet_variable,variable_rename,model,scenario,region,free_y
timeseriesplot,34,Vehicles Stock Share,Energy Service|Transportation|Freight|BEV|Stock Share,BEV,Freight,0,usa,model_wm,fives_proj_40,scen_wm_sensitivities,grid,year,value,facet_variable,variable_rename,model,scenario,region,free_y
timeseriesplot,34,Vehicles Stock Share,Energy Service|Transportation|Freight|FCEV|Stock Share,FCEV,Freight,0,usa,model_wm,fives_proj_40,scen_wm_sensitivities,grid,year,value,facet_variable,variable_rename,model,scenario,region,free_y
timeseriesplot,34,Vehicles Stock Share,Energy Service|Transportation|Freight|HEV|Stock Share,HEV,Freight,0,usa,model_wm,fives_proj_40,scen_wm_sensitivities,grid,year,value,facet_variable,variable_rename,model,scenario,region,free_y
timeseriesplot,34,Vehicles Stock Share,Energy Service|Transportation|Freight|ICE|Stock Share,ICE,Freight,0,usa,model_wm,fives_proj_40,scen_wm_sensitivities,grid,year,value,facet_variable,variable_rename,model,scenario,region,free_y
timeseriesplot,34,Vehicles Stock Share,Energy Service|Transportation|Freight|PHEV|Stock Share,PHEV,Freight,0,usa,model_wm,fives_proj_40,scen_wm_sensitivities,grid,year,value,facet_variable,variable_rename,model,scenario,region,free_y
timeseriesplot,34,Vehicles Stock Share,Energy Service|Transportation|Passenger|BEV|Stock Share,BEV,Passenger,0,usa,model_wm,fives_proj_40,scen_wm_sensitivities,grid,year,value,facet_variable,variable_rename,model,scenario,region,free_y
timeseriesplot,34,Vehicles Stock Share,Energy Service|Transportation|Passenger|FCEV|Stock Share,FCEV,Passenger,0,usa,model_wm,fives_proj_40,scen_wm_sensitivities,grid,year,value,facet_variable,variable_rename,model,scenario,region,free_y
timeseriesplot,34,Vehicles Stock Share,Energy Service|Transportation|Passenger|HEV|Stock Share,HEV,Passenger,0,usa,model_wm,fives_proj_40,scen_wm_sensitivities,grid,year,value,facet_variable,variable_rename,model,scenario,region,free_y
timeseriesplot,34,Vehicles Stock Share,Energy Service|Transportation|Passenger|ICE|Stock Share,ICE,Passenger,0,usa,model_wm,fives_proj_40,scen_wm_sensitivities,grid,year,value,facet_variable,variable_rename,model,scenario,region,free_y
timeseriesplot,34,Vehicles Stock Share,Energy Service|Transportation|Passenger|PHEV|Stock Share,PHEV,Passenger,0,usa,model_wm,fives_proj_40,scen_wm_sensitivities,grid,year,value,facet_variable,variable_rename,model,scenario,region,free_y
timeseriesplot,37,Generation Inputs,Secondary Energy|Electricity|Input|Biogas,Biogas,,0,usa,model_wm,fives_proj_40,scen_wm_sensitivities,grid,year,value,region,variable_rename,model,scenario,region,free_y
timeseriesplot,37,Generation Inputs,Secondary Energy|Electricity|Input|Biomass Solids,Biomass Solids,,0,usa,model_wm,fives_proj_40,scen_wm_sensitivities,grid,year,value,region,variable_rename,model,scenario,region,free_y
timeseriesplot,37,Generation Inputs,Secondary Energy|Electricity|Input|Coal,Coal,,0,usa,model_wm,fives_proj_40,scen_wm_sensitivities,grid,year,value,region,variable_rename,model,scenario,region,free_y
timeseriesplot,37,Generation Inputs,Secondary Energy|Electricity|Input|Gas,Gas,,0,usa,model_wm,fives_proj_40,scen_wm_sensitivities,grid,year,value,region,variable_rename,model,scenario,region,free_y
timeseriesplot,37,Generation Inputs,Secondary Energy|Electricity|Input|Hydrogen,Hydrogen,,0,usa,model_wm,fives_proj_40,scen_wm_sensitivities,grid,year,value,region,variable_rename,model,scenario,region,free_y
timeseriesplot,37,Generation Inputs,Secondary Energy|Electricity|Input|Oil,Oil,,0,usa,model_wm,fives_proj_40,scen_wm_sensitivities,grid,year,value,region,variable_rename,model,scenario,region,free_y
timeseriesplot,37,Generation Inputs,Secondary Energy|Electricity|Input|Synthetic Gas,Synthetic Gas,,0,usa,model_wm,fives_proj_40,scen_wm_sensitivities,grid,year,value,region,variable_rename,model,scenario,region,free_y
timeseriesplot,37,Generation Inputs,Secondary Energy|Electricity|Input|Synthetic Liquids,Synthetic Liquids,,0,usa,model_wm,fives_proj_40,scen_wm_sensitivities,grid,year,value,region,variable_rename,model,scenario,region,free_y
timeseriesplot,38,Generation Inputs - w/ and w/o CCS,Secondary Energy|Electricity|Input|Biogas|w/ CCS,Biogas,CCS,0,usa,model_wm,fives_proj_40,scen_wm_sensitivities,grid,year,value,facet_variable,variable_rename,model,scenario,region,free_y
timeseriesplot,38,Generation Inputs - w/ and w/o CCS,Secondary Energy|Electricity|Input|Biogas|w/o CCS,Biogas,Non-CCS,0,usa,model_wm,fives_proj_40,scen_wm_sensitivities,grid,year,value,facet_variable,variable_rename,model,scenario,region,free_y
timeseriesplot,38,Generation Inputs - w/ and w/o CCS,Secondary Energy|Electricity|Input|Biomass Solids|w/ CCS,Biomass Solids,CCS,0,usa,model_wm,fives_proj_40,scen_wm_sensitivities,grid,year,value,facet_variable,variable_rename,model,scenario,region,free_y
timeseriesplot,38,Generation Inputs - w/ and w/o CCS,Secondary Energy|Electricity|Input|Biomass Solids|w/o CCS,Biomass Solids,Non-CCS,0,usa,model_wm,fives_proj_40,scen_wm_sensitivities,grid,year,value,facet_variable,variable_rename,model,scenario,region,free_y
timeseriesplot,38,Generation Inputs - w/ and w/o CCS,Secondary Energy|Electricity|Input|Coal|w/ CCS,Coal,CCS,0,usa,model_wm,fives_proj_40,scen_wm_sensitivities,grid,year,value,facet_variable,variable_rename,model,scenario,region,free_y
timeseriesplot,38,Generation Inputs - w/ and w/o CCS,Secondary Energy|Electricity|Input|Coal|w/o CCS,Coal,Non-CCS,0,usa,model_wm,fives_proj_40,scen_wm_sensitivities,grid,year,value,facet_variable,variable_rename,model,scenario,region,free_y
timeseriesplot,38,Generation Inputs - w/ and w/o CCS,Secondary Energy|Electricity|Input|Gas|w/ CCS,Gas,CCS,0,usa,model_wm,fives_proj_40,scen_wm_sensitivities,grid,year,value,facet_variable,variable_rename,model,scenario,region,free_y
timeseriesplot,38,Generation Inputs - w/ and w/o CCS,Secondary Energy|Electricity|Input|Gas|w/o CCS,Gas,Non-CCS,0,usa,model_wm,fives_proj_40,scen_wm_sensitivities,grid,year,value,facet_variable,variable_rename,model,scenario,region,free_y
timeseriesplot,38,Generation Inputs - w/ and w/o CCS,Secondary Energy|Electricity|Input|Oil|w/ CCS,Oil,CCS,0,usa,model_wm,fives_proj_40,scen_wm_sensitivities,grid,year,value,facet_variable,variable_rename,model,scenario,region,free_y
timeseriesplot,38,Generation Inputs - w/ and w/o CCS,Secondary Energy|Electricity|Input|Oil|w/o CCS,Oil,Non-CCS,0,usa,model_wm,fives_proj_40,scen_wm_sensitivities,grid,year,value,facet_variable,variable_rename,model,scenario,region,free_y
timeseriesplot,39,CCS Topline,Carbon Sequestration|CCS|Biomass|Energy,BECCS,,1,usa,model_wm,fives_proj_40,scen_wm_sensitivities,grid,year,value,region,variable_rename,model,scenario,region,free_y
timeseriesplot,39,CCS Topline,Carbon Sequestration|CCS|Biomass|Industrial Processes,Bio IPPU CCS,,1,usa,model_wm,fives_proj_40,scen_wm_sensitivities,grid,year,value,region,variable_rename,model,scenario,region,free_y
timeseriesplot,39,CCS Topline,Carbon Sequestration|CCS|Fossil|Energy,Fossil Energy CCS,,1,usa,model_wm,fives_proj_40,scen_wm_sensitivities,grid,year,value,region,variable_rename,model,scenario,region,free_y
timeseriesplot,39,CCS Topline,Carbon Sequestration|CCS|Non-Biomass|Industrial Processes,Non-Bio IPPU CCS,,1,usa,model_wm,fives_proj_40,scen_wm_sensitivities,grid,year,value,region,variable_rename,model,scenario,region,free_y
timeseriesplot,40,CCS Energy Supply & Demand,Carbon Sequestration|CCS|Biomass|Energy|Demand|Industry,Industry,Biomass,0,usa,model_wm,fives_proj_40,scen_wm_sensitivities,grid,year,value,facet_variable,variable_rename,model,scenario,region,free_y
timeseriesplot,40,CCS Energy Supply & Demand,Carbon Sequestration|CCS|Biomass|Energy|Supply|Biogas,Biogas,Biomass,0,usa,model_wm,fives_proj_40,scen_wm_sensitivities,grid,year,value,facet_variable,variable_rename,model,scenario,region,free_y
timeseriesplot,40,CCS Energy Supply & Demand,Carbon Sequestration|CCS|Biomass|Energy|Supply|Biomass Liquids,Biomass Liquids,Biomass,0,usa,model_wm,fives_proj_40,scen_wm_sensitivities,grid,year,value,facet_variable,variable_rename,model,scenario,region,free_y
timeseriesplot,40,CCS Energy Supply & Demand,Carbon Sequestration|CCS|Biomass|Energy|Supply|Biomass Solids,Biomass Solids,Biomass,0,usa,model_wm,fives_proj_40,scen_wm_sensitivities,grid,year,value,facet_variable,variable_rename,model,scenario,region,free_y
timeseriesplot,40,CCS Energy Supply & Demand,Carbon Sequestration|CCS|Biomass|Energy|Supply|Electricity,Electricity,Biomass,0,usa,model_wm,fives_proj_40,scen_wm_sensitivities,grid,year,value,facet_variable,variable_rename,model,scenario,region,free_y
timeseriesplot,40,CCS Energy Supply & Demand,Carbon Sequestration|CCS|Biomass|Energy|Supply|Heat,Heat,Biomass,0,usa,model_wm,fives_proj_40,scen_wm_sensitivities,grid,year,value,facet_variable,variable_rename,model,scenario,region,free_y
timeseriesplot,40,CCS Energy Supply & Demand,Carbon Sequestration|CCS|Biomass|Energy|Supply|Hydrogen,Hydrogen,Biomass,0,usa,model_wm,fives_proj_40,scen_wm_sensitivities,grid,year,value,facet_variable,variable_rename,model,scenario,region,free_y
timeseriesplot,40,CCS Energy Supply & Demand,Carbon Sequestration|CCS|Biomass|Energy|Supply|Petroleum Refining,Petroleum Refining,Biomass,0,usa,model_wm,fives_proj_40,scen_wm_sensitivities,grid,year,value,facet_variable,variable_rename,model,scenario,region,free_y
timeseriesplot,40,CCS Energy Supply & Demand,Carbon Sequestration|CCS|Biomass|Energy|Supply|Synthetic Gas,Synthetic Gas,Biomass,0,usa,model_wm,fives_proj_40,scen_wm_sensitivities,grid,year,value,facet_variable,variable_rename,model,scenario,region,free_y
timeseriesplot,40,CCS Energy Supply & Demand,Carbon Sequestration|CCS|Biomass|Energy|Supply|Synthetic Liquids,Synthetic Liquids,Biomass,0,usa,model_wm,fives_proj_40,scen_wm_sensitivities,grid,year,value,facet_variable,variable_rename,model,scenario,region,free_y
timeseriesplot,40,CCS Energy Supply & Demand,Carbon Sequestration|CCS|Fossil|Energy|Demand|Industry,Industry,Fossil,0,usa,model_wm,fives_proj_40,scen_wm_sensitivities,grid,year,value,facet_variable,variable_rename,model,scenario,region,free_y
timeseriesplot,40,CCS Energy Supply & Demand,Carbon Sequestration|CCS|Fossil|Energy|Supply|Biogas,Biogas,Fossil,0,usa,model_wm,fives_proj_40,scen_wm_sensitivities,grid,year,value,facet_variable,variable_rename,model,scenario,region,free_y
timeseriesplot,40,CCS Energy Supply & Demand,Carbon Sequestration|CCS|Fossil|Energy|Supply|Biomass Liquids,Biomass Liquids,Fossil,0,usa,model_wm,fives_proj_40,scen_wm_sensitivities,grid,year,value,facet_variable,variable_rename,model,scenario,region,free_y
timeseriesplot,40,CCS Energy Supply & Demand,Carbon Sequestration|CCS|Fossil|Energy|Supply|Biomass Solids,Biomass Solids,Fossil,0,usa,model_wm,fives_proj_40,scen_wm_sensitivities,grid,year,value,facet_variable,variable_rename,model,scenario,region,free_y
timeseriesplot,40,CCS Energy Supply & Demand,Carbon Sequestration|CCS|Fossil|Energy|Supply|Electricity,Electricity,Fossil,0,usa,model_wm,fives_proj_40,scen_wm_sensitivities,grid,year,value,facet_variable,variable_rename,model,scenario,region,free_y
timeseriesplot,40,CCS Energy Supply & Demand,Carbon Sequestration|CCS|Fossil|Energy|Supply|Heat,Heat,Fossil,0,usa,model_wm,fives_proj_40,scen_wm_sensitivities,grid,year,value,facet_variable,variable_rename,model,scenario,region,free_y
timeseriesplot,40,CCS Energy Supply & Demand,Carbon Sequestration|CCS|Fossil|Energy|Supply|Hydrogen,Hydrogen,Fossil,0,usa,model_wm,fives_proj_40,scen_wm_sensitivities,grid,year,value,facet_variable,variable_rename,model,scenario,region,free_y
timeseriesplot,40,CCS Energy Supply & Demand,Carbon Sequestration|CCS|Fossil|Energy|Supply|Petroleum Refining,Petroleum Refining,Fossil,0,usa,model_wm,fives_proj_40,scen_wm_sensitivities,grid,year,value,facet_variable,variable_rename,model,scenario,region,free_y
timeseriesplot,40,CCS Energy Supply & Demand,Carbon Sequestration|CCS|Fossil|Energy|Supply|Synthetic Gas,Synthetic Gas,Fossil,0,usa,model_wm,fives_proj_40,scen_wm_sensitivities,grid,year,value,facet_variable,variable_rename,model,scenario,region,free_y
timeseriesplot,40,CCS Energy Supply & Demand,Carbon Sequestration|CCS|Fossil|Energy|Supply|Synthetic Liquids,Synthetic Liquids,Fossil,0,usa,model_wm,fives_proj_40,scen_wm_sensitivities,grid,year,value,facet_variable,variable_rename,model,scenario,region,free_y
timeseriesplot,41,Energy CO2 Buildings Breakout,Emissions|CO2|Energy|Demand|Buildings|Commercial,Commercial,,0,usa,model_wm,fives_proj_40,scen_wm_sensitivities,grid,year,value,region,variable_rename,model,scenario,region,free_y
timeseriesplot,41,Energy CO2 Buildings Breakout,Emissions|CO2|Energy|Demand|Buildings|Residential,Residential,,0,usa,model_wm,fives_proj_40,scen_wm_sensitivities,grid,year,value,region,variable_rename,model,scenario,region,free_y
timeseriesplot,42,Energy CO2 Emissions Accounting,Emissions|CO2|Energy,Total Energy,,0,usa,model_wm,fives_proj_40,scen_wm_sensitivities,grid,year,value,region,variable_rename,model,scenario,region,free_y
timeseriesplot,42,Energy CO2 Emissions Accounting,Emissions|CO2|Energy|Supply,Supply,,0,usa,model_wm,fives_proj_40,scen_wm_sensitivities,grid,year,value,region,variable_rename,model,scenario,region,free_y
timeseriesplot,42,Energy CO2 Emissions Accounting,Emissions|CO2|Energy|Demand|Industry,Industry,,0,usa,model_wm,fives_proj_40,scen_wm_sensitivities,grid,year,value,region,variable_rename,model,scenario,region,free_y
timeseriesplot,42,Energy CO2 Emissions Accounting,Emissions|CO2|Energy|Demand|Transportation,Transportation,,0,usa,model_wm,fives_proj_40,scen_wm_sensitivities,grid,year,value,region,variable_rename,model,scenario,region,free_y
timeseriesplot,42,Energy CO2 Emissions Accounting,Emissions|CO2|Energy|Demand|Buildings,Buildings,,0,usa,model_wm,fives_proj_40,scen_wm_sensitivities,grid,year,value,region,variable_rename,model,scenario,region,free_y
timeseriesplot,43,ZEV Sales Share,Energy Service|Transportation|Passenger|ZEV Sales Share,Passenger,,0,usa,model_wm,fives_proj_40,scen_wm_sensitivities,grid,year,value,region,variable_rename,model,scenario,region,free_y
timeseriesplot,43,ZEV Sales Share,Energy Service|Transportation|Freight|ZEV Sales Share,Freight,,0,usa,model_wm,fives_proj_40,scen_wm_sensitivities,grid,year,value,region,variable_rename,model,scenario,region,free_y
timeseriesplot,44,ZEV Stock Share,Energy Service|Transportation|Passenger|ZEV Stock Share,Passenger,,0,usa,model_wm,fives_proj_40,scen_wm_sensitivities,grid,year,value,region,variable_rename,model,scenario,region,free_y
timeseriesplot,44,ZEV Stock Share,Energy Service|Transportation|Freight|ZEV Stock Share,Freight,,0,usa,model_wm,fives_proj_40,scen_wm_sensitivities,grid,year,value,region,variable_rename,model,scenario,region,free_y
timeseriesplot,45,Energy CO2 Transportation Breakout,Emissions|CO2|Energy|Demand|Transportation|Freight,Freight,,0,usa,model_wm,fives_proj_40,scen_wm_sensitivities,grid,year,value,region,variable_rename,model,scenario,region,free_y
timeseriesplot,45,Energy CO2 Transportation Breakout,Emissions|CO2|Energy|Demand|Transportation|Offroad,Offroad,,0,usa,model_wm,fives_proj_40,scen_wm_sensitivities,grid,year,value,region,variable_rename,model,scenario,region,free_y
timeseriesplot,45,Energy CO2 Transportation Breakout,Emissions|CO2|Energy|Demand|Transportation|Passenger,Passenger,,0,usa,model_wm,fives_proj_40,scen_wm_sensitivities,grid,year,value,region,variable_rename,model,scenario,region,free_y
