Report,GWP,unit,Year,Emissions,notes
car_2014,AR5,MMTCO2e,1990,6332.8442982796,Data pulled from data-raw/ncbr_comparison/AllReports_AllARs_usproj.csv in BTR repo. AllReports_AllARs_usproj.csv created in the usproj repo
car_2014,AR5,MMTCO2e,1991,6284.85108664402,Data pulled from data-raw/ncbr_comparison/AllReports_AllARs_usproj.csv in BTR repo. AllReports_AllARs_usproj.csv created in the usproj repo
car_2014,AR5,MMTCO2e,1992,6401.47796797553,Data pulled from data-raw/ncbr_comparison/AllReports_AllARs_usproj.csv in BTR repo. AllReports_AllARs_usproj.csv created in the usproj repo
car_2014,AR5,MMTCO2e,1993,6539.94043249182,Data pulled from data-raw/ncbr_comparison/AllReports_AllARs_usproj.csv in BTR repo. AllReports_AllARs_usproj.csv created in the usproj repo
car_2014,AR5,MMTCO2e,1994,6618.56378296369,Data pulled from data-raw/ncbr_comparison/AllReports_AllARs_usproj.csv in BTR repo. AllReports_AllARs_usproj.csv created in the usproj repo
car_2014,AR5,MMTCO2e,1995,6701.27082243853,Data pulled from data-raw/ncbr_comparison/AllReports_AllARs_usproj.csv in BTR repo. AllReports_AllARs_usproj.csv created in the usproj repo
car_2014,AR5,MMTCO2e,1996,6906.46797101879,Data pulled from data-raw/ncbr_comparison/AllReports_AllARs_usproj.csv in BTR repo. AllReports_AllARs_usproj.csv created in the usproj repo
car_2014,AR5,MMTCO2e,1997,6969.67768948285,Data pulled from data-raw/ncbr_comparison/AllReports_AllARs_usproj.csv in BTR repo. AllReports_AllARs_usproj.csv created in the usproj repo
car_2014,AR5,MMTCO2e,1998,6984.64826129008,Data pulled from data-raw/ncbr_comparison/AllReports_AllARs_usproj.csv in BTR repo. AllReports_AllARs_usproj.csv created in the usproj repo
car_2014,AR5,MMTCO2e,1999,7042.3170147651,Data pulled from data-raw/ncbr_comparison/AllReports_AllARs_usproj.csv in BTR repo. AllReports_AllARs_usproj.csv created in the usproj repo
car_2014,AR5,MMTCO2e,2000,7205.71721079332,Data pulled from data-raw/ncbr_comparison/AllReports_AllARs_usproj.csv in BTR repo. AllReports_AllARs_usproj.csv created in the usproj repo
car_2014,AR5,MMTCO2e,2001,7095.73133485343,Data pulled from data-raw/ncbr_comparison/AllReports_AllARs_usproj.csv in BTR repo. AllReports_AllARs_usproj.csv created in the usproj repo
car_2014,AR5,MMTCO2e,2002,7137.35590205243,Data pulled from data-raw/ncbr_comparison/AllReports_AllARs_usproj.csv in BTR repo. AllReports_AllARs_usproj.csv created in the usproj repo
car_2014,AR5,MMTCO2e,2003,7182.06336581817,Data pulled from data-raw/ncbr_comparison/AllReports_AllARs_usproj.csv in BTR repo. AllReports_AllARs_usproj.csv created in the usproj repo
car_2014,AR5,MMTCO2e,2004,7305.73293592247,Data pulled from data-raw/ncbr_comparison/AllReports_AllARs_usproj.csv in BTR repo. AllReports_AllARs_usproj.csv created in the usproj repo
car_2014,AR5,MMTCO2e,2005,7329.79074680707,Data pulled from data-raw/ncbr_comparison/AllReports_AllARs_usproj.csv in BTR repo. AllReports_AllARs_usproj.csv created in the usproj repo
car_2014,AR5,MMTCO2e,2006,7273.08253589006,Data pulled from data-raw/ncbr_comparison/AllReports_AllARs_usproj.csv in BTR repo. AllReports_AllARs_usproj.csv created in the usproj repo
car_2014,AR5,MMTCO2e,2007,7390.72061939667,Data pulled from data-raw/ncbr_comparison/AllReports_AllARs_usproj.csv in BTR repo. AllReports_AllARs_usproj.csv created in the usproj repo
car_2014,AR5,MMTCO2e,2008,7191.60509654557,Data pulled from data-raw/ncbr_comparison/AllReports_AllARs_usproj.csv in BTR repo. AllReports_AllARs_usproj.csv created in the usproj repo
car_2014,AR5,MMTCO2e,2009,6733.71880817139,Data pulled from data-raw/ncbr_comparison/AllReports_AllARs_usproj.csv in BTR repo. AllReports_AllARs_usproj.csv created in the usproj repo
car_2014,AR5,MMTCO2e,2010,6956.38518362426,Data pulled from data-raw/ncbr_comparison/AllReports_AllARs_usproj.csv in BTR repo. AllReports_AllARs_usproj.csv created in the usproj repo
car_2014,AR5,MMTCO2e,2011,6825.2875646934,Data pulled from data-raw/ncbr_comparison/AllReports_AllARs_usproj.csv in BTR repo. AllReports_AllARs_usproj.csv created in the usproj repo
car_2014,AR5,MMTCO2e,2012,6702.1867585431,Data pulled from data-raw/ncbr_comparison/AllReports_AllARs_usproj.csv in BTR repo. AllReports_AllARs_usproj.csv created in the usproj repo
car_2014,AR5,MMTCO2e,2013,6722.38901168967,Data pulled from data-raw/ncbr_comparison/AllReports_AllARs_usproj.csv in BTR repo. AllReports_AllARs_usproj.csv created in the usproj repo
car_2014,AR5,MMTCO2e,2014,6730.79513301012,Data pulled from data-raw/ncbr_comparison/AllReports_AllARs_usproj.csv in BTR repo. AllReports_AllARs_usproj.csv created in the usproj repo
car_2014,AR5,MMTCO2e,2015,6778.1625222575,Data pulled from data-raw/ncbr_comparison/AllReports_AllARs_usproj.csv in BTR repo. AllReports_AllARs_usproj.csv created in the usproj repo
car_2014,AR5,MMTCO2e,2016,6764.47357589213,Data pulled from data-raw/ncbr_comparison/AllReports_AllARs_usproj.csv in BTR repo. AllReports_AllARs_usproj.csv created in the usproj repo
car_2014,AR5,MMTCO2e,2017,6825.57416049381,Data pulled from data-raw/ncbr_comparison/AllReports_AllARs_usproj.csv in BTR repo. AllReports_AllARs_usproj.csv created in the usproj repo
car_2014,AR5,MMTCO2e,2018,6883.82724584708,Data pulled from data-raw/ncbr_comparison/AllReports_AllARs_usproj.csv in BTR repo. AllReports_AllARs_usproj.csv created in the usproj repo
car_2014,AR5,MMTCO2e,2019,6940.72035890713,Data pulled from data-raw/ncbr_comparison/AllReports_AllARs_usproj.csv in BTR repo. AllReports_AllARs_usproj.csv created in the usproj repo
car_2014,AR5,MMTCO2e,2020,6969.83536980361,Data pulled from data-raw/ncbr_comparison/AllReports_AllARs_usproj.csv in BTR repo. AllReports_AllARs_usproj.csv created in the usproj repo
car_2014,AR5,MMTCO2e,2021,6992.37047443037,Data pulled from data-raw/ncbr_comparison/AllReports_AllARs_usproj.csv in BTR repo. AllReports_AllARs_usproj.csv created in the usproj repo
car_2014,AR5,MMTCO2e,2022,7041.68252457708,Data pulled from data-raw/ncbr_comparison/AllReports_AllARs_usproj.csv in BTR repo. AllReports_AllARs_usproj.csv created in the usproj repo
car_2014,AR5,MMTCO2e,2023,7075.59954257075,Data pulled from data-raw/ncbr_comparison/AllReports_AllARs_usproj.csv in BTR repo. AllReports_AllARs_usproj.csv created in the usproj repo
car_2014,AR5,MMTCO2e,2024,7097.82660503147,Data pulled from data-raw/ncbr_comparison/AllReports_AllARs_usproj.csv in BTR repo. AllReports_AllARs_usproj.csv created in the usproj repo
car_2014,AR5,MMTCO2e,2025,7123.649645448,Data pulled from data-raw/ncbr_comparison/AllReports_AllARs_usproj.csv in BTR repo. AllReports_AllARs_usproj.csv created in the usproj repo
car_2014,AR5,MMTCO2e,2026,7141.91302282723,Data pulled from data-raw/ncbr_comparison/AllReports_AllARs_usproj.csv in BTR repo. AllReports_AllARs_usproj.csv created in the usproj repo
car_2014,AR5,MMTCO2e,2027,7159.74932559814,Data pulled from data-raw/ncbr_comparison/AllReports_AllARs_usproj.csv in BTR repo. AllReports_AllARs_usproj.csv created in the usproj repo
car_2014,AR5,MMTCO2e,2028,7167.22429056115,Data pulled from data-raw/ncbr_comparison/AllReports_AllARs_usproj.csv in BTR repo. AllReports_AllARs_usproj.csv created in the usproj repo
car_2014,AR5,MMTCO2e,2029,7183.86217099288,Data pulled from data-raw/ncbr_comparison/AllReports_AllARs_usproj.csv in BTR repo. AllReports_AllARs_usproj.csv created in the usproj repo
car_2014,AR5,MMTCO2e,2030,7209.93022178601,Data pulled from data-raw/ncbr_comparison/AllReports_AllARs_usproj.csv in BTR repo. AllReports_AllARs_usproj.csv created in the usproj repo
br_2016,AR5,MMTCO2e,1990,6459.394609796303,Data pulled from data-raw/ncbr_comparison/AllReports_AllARs_usproj.csv in BTR repo. AllReports_AllARs_usproj.csv created in the usproj repo
br_2016,AR5,MMTCO2e,1991,6440.815170964323,Data pulled from data-raw/ncbr_comparison/AllReports_AllARs_usproj.csv in BTR repo. AllReports_AllARs_usproj.csv created in the usproj repo
br_2016,AR5,MMTCO2e,1992,6537.302250912517,Data pulled from data-raw/ncbr_comparison/AllReports_AllARs_usproj.csv in BTR repo. AllReports_AllARs_usproj.csv created in the usproj repo
br_2016,AR5,MMTCO2e,1993,6649.785396679618,Data pulled from data-raw/ncbr_comparison/AllReports_AllARs_usproj.csv in BTR repo. AllReports_AllARs_usproj.csv created in the usproj repo
br_2016,AR5,MMTCO2e,1994,6749.345675968445,Data pulled from data-raw/ncbr_comparison/AllReports_AllARs_usproj.csv in BTR repo. AllReports_AllARs_usproj.csv created in the usproj repo
br_2016,AR5,MMTCO2e,1995,6844.028810667609,Data pulled from data-raw/ncbr_comparison/AllReports_AllARs_usproj.csv in BTR repo. AllReports_AllARs_usproj.csv created in the usproj repo
br_2016,AR5,MMTCO2e,1996,7065.8747825267865,Data pulled from data-raw/ncbr_comparison/AllReports_AllARs_usproj.csv in BTR repo. AllReports_AllARs_usproj.csv created in the usproj repo
br_2016,AR5,MMTCO2e,1997,7119.79314718003,Data pulled from data-raw/ncbr_comparison/AllReports_AllARs_usproj.csv in BTR repo. AllReports_AllARs_usproj.csv created in the usproj repo
br_2016,AR5,MMTCO2e,1998,7151.277699634994,Data pulled from data-raw/ncbr_comparison/AllReports_AllARs_usproj.csv in BTR repo. AllReports_AllARs_usproj.csv created in the usproj repo
br_2016,AR5,MMTCO2e,1999,7205.818173083716,Data pulled from data-raw/ncbr_comparison/AllReports_AllARs_usproj.csv in BTR repo. AllReports_AllARs_usproj.csv created in the usproj repo
br_2016,AR5,MMTCO2e,2000,7364.396581537737,Data pulled from data-raw/ncbr_comparison/AllReports_AllARs_usproj.csv in BTR repo. AllReports_AllARs_usproj.csv created in the usproj repo
br_2016,AR5,MMTCO2e,2001,7252.114731543624,Data pulled from data-raw/ncbr_comparison/AllReports_AllARs_usproj.csv in BTR repo. AllReports_AllARs_usproj.csv created in the usproj repo
br_2016,AR5,MMTCO2e,2002,7292.798606970446,Data pulled from data-raw/ncbr_comparison/AllReports_AllARs_usproj.csv in BTR repo. AllReports_AllARs_usproj.csv created in the usproj repo
br_2016,AR5,MMTCO2e,2003,7326.867768632992,Data pulled from data-raw/ncbr_comparison/AllReports_AllARs_usproj.csv in BTR repo. AllReports_AllARs_usproj.csv created in the usproj repo
br_2016,AR5,MMTCO2e,2004,7468.086061344637,Data pulled from data-raw/ncbr_comparison/AllReports_AllARs_usproj.csv in BTR repo. AllReports_AllARs_usproj.csv created in the usproj repo
br_2016,AR5,MMTCO2e,2005,7509.6664151654295,Data pulled from data-raw/ncbr_comparison/AllReports_AllARs_usproj.csv in BTR repo. AllReports_AllARs_usproj.csv created in the usproj repo
br_2016,AR5,MMTCO2e,2006,7444.953828093725,Data pulled from data-raw/ncbr_comparison/AllReports_AllARs_usproj.csv in BTR repo. AllReports_AllARs_usproj.csv created in the usproj repo
br_2016,AR5,MMTCO2e,2007,7561.29372177087,Data pulled from data-raw/ncbr_comparison/AllReports_AllARs_usproj.csv in BTR repo. AllReports_AllARs_usproj.csv created in the usproj repo
br_2016,AR5,MMTCO2e,2008,7354.30139585541,Data pulled from data-raw/ncbr_comparison/AllReports_AllARs_usproj.csv in BTR repo. AllReports_AllARs_usproj.csv created in the usproj repo
br_2016,AR5,MMTCO2e,2009,6875.211046744378,Data pulled from data-raw/ncbr_comparison/AllReports_AllARs_usproj.csv in BTR repo. AllReports_AllARs_usproj.csv created in the usproj repo
br_2016,AR5,MMTCO2e,2010,7056.8791565995525,Data pulled from data-raw/ncbr_comparison/AllReports_AllARs_usproj.csv in BTR repo. AllReports_AllARs_usproj.csv created in the usproj repo
br_2016,AR5,MMTCO2e,2011,6927.1447222418465,Data pulled from data-raw/ncbr_comparison/AllReports_AllARs_usproj.csv in BTR repo. AllReports_AllARs_usproj.csv created in the usproj repo
br_2016,AR5,MMTCO2e,2012,6688.486833038974,Data pulled from data-raw/ncbr_comparison/AllReports_AllARs_usproj.csv in BTR repo. AllReports_AllARs_usproj.csv created in the usproj repo
br_2016,AR5,MMTCO2e,2013,6810.433949487813,Data pulled from data-raw/ncbr_comparison/AllReports_AllARs_usproj.csv in BTR repo. AllReports_AllARs_usproj.csv created in the usproj repo
br_2016,AR5,MMTCO2e,2014,6960.418853614555,Data pulled from data-raw/ncbr_comparison/AllReports_AllARs_usproj.csv in BTR repo. AllReports_AllARs_usproj.csv created in the usproj repo
br_2016,AR5,MMTCO2e,2015,6913.727482444627,Data pulled from data-raw/ncbr_comparison/AllReports_AllARs_usproj.csv in BTR repo. AllReports_AllARs_usproj.csv created in the usproj repo
br_2016,AR5,MMTCO2e,2016,6915.305264862799,Data pulled from data-raw/ncbr_comparison/AllReports_AllARs_usproj.csv in BTR repo. AllReports_AllARs_usproj.csv created in the usproj repo
br_2016,AR5,MMTCO2e,2017,6892.828069081403,Data pulled from data-raw/ncbr_comparison/AllReports_AllARs_usproj.csv in BTR repo. AllReports_AllARs_usproj.csv created in the usproj repo
br_2016,AR5,MMTCO2e,2018,6839.121353545561,Data pulled from data-raw/ncbr_comparison/AllReports_AllARs_usproj.csv in BTR repo. AllReports_AllARs_usproj.csv created in the usproj repo
br_2016,AR5,MMTCO2e,2019,6816.035694676558,Data pulled from data-raw/ncbr_comparison/AllReports_AllARs_usproj.csv in BTR repo. AllReports_AllARs_usproj.csv created in the usproj repo
br_2016,AR5,MMTCO2e,2020,6791.750571188243,Data pulled from data-raw/ncbr_comparison/AllReports_AllARs_usproj.csv in BTR repo. AllReports_AllARs_usproj.csv created in the usproj repo
br_2016,AR5,MMTCO2e,2021,6796.885941361087,Data pulled from data-raw/ncbr_comparison/AllReports_AllARs_usproj.csv in BTR repo. AllReports_AllARs_usproj.csv created in the usproj repo
br_2016,AR5,MMTCO2e,2022,6822.742729424541,Data pulled from data-raw/ncbr_comparison/AllReports_AllARs_usproj.csv in BTR repo. AllReports_AllARs_usproj.csv created in the usproj repo
br_2016,AR5,MMTCO2e,2023,6835.047458109659,Data pulled from data-raw/ncbr_comparison/AllReports_AllARs_usproj.csv in BTR repo. AllReports_AllARs_usproj.csv created in the usproj repo
br_2016,AR5,MMTCO2e,2024,6767.929630181731,Data pulled from data-raw/ncbr_comparison/AllReports_AllARs_usproj.csv in BTR repo. AllReports_AllARs_usproj.csv created in the usproj repo
br_2016,AR5,MMTCO2e,2025,6736.152594543756,Data pulled from data-raw/ncbr_comparison/AllReports_AllARs_usproj.csv in BTR repo. AllReports_AllARs_usproj.csv created in the usproj repo
br_2016,AR5,MMTCO2e,2026,6693.911493072743,Data pulled from data-raw/ncbr_comparison/AllReports_AllARs_usproj.csv in BTR repo. AllReports_AllARs_usproj.csv created in the usproj repo
br_2016,AR5,MMTCO2e,2027,6663.315545120497,Data pulled from data-raw/ncbr_comparison/AllReports_AllARs_usproj.csv in BTR repo. AllReports_AllARs_usproj.csv created in the usproj repo
br_2016,AR5,MMTCO2e,2028,6637.556715238847,Data pulled from data-raw/ncbr_comparison/AllReports_AllARs_usproj.csv in BTR repo. AllReports_AllARs_usproj.csv created in the usproj repo
br_2016,AR5,MMTCO2e,2029,6611.726113315245,Data pulled from data-raw/ncbr_comparison/AllReports_AllARs_usproj.csv in BTR repo. AllReports_AllARs_usproj.csv created in the usproj repo
br_2016,AR5,MMTCO2e,2030,6554.410172001041,Data pulled from data-raw/ncbr_comparison/AllReports_AllARs_usproj.csv in BTR repo. AllReports_AllARs_usproj.csv created in the usproj repo
br_2021,AR5,MMTCO2e,1990,6486.943015053711,Data pulled from data-raw/ncbr_comparison/AllReports_AllARs_usproj.csv in BTR repo. AllReports_AllARs_usproj.csv created in the usproj repo
br_2021,AR5,MMTCO2e,1991,6419.391008577789,Data pulled from data-raw/ncbr_comparison/AllReports_AllARs_usproj.csv in BTR repo. AllReports_AllARs_usproj.csv created in the usproj repo
br_2021,AR5,MMTCO2e,1992,6531.883237154263,Data pulled from data-raw/ncbr_comparison/AllReports_AllARs_usproj.csv in BTR repo. AllReports_AllARs_usproj.csv created in the usproj repo
br_2021,AR5,MMTCO2e,1993,6645.221685550618,Data pulled from data-raw/ncbr_comparison/AllReports_AllARs_usproj.csv in BTR repo. AllReports_AllARs_usproj.csv created in the usproj repo
br_2021,AR5,MMTCO2e,1994,6735.294501885273,Data pulled from data-raw/ncbr_comparison/AllReports_AllARs_usproj.csv in BTR repo. AllReports_AllARs_usproj.csv created in the usproj repo
br_2021,AR5,MMTCO2e,1995,6816.608313227583,Data pulled from data-raw/ncbr_comparison/AllReports_AllARs_usproj.csv in BTR repo. AllReports_AllARs_usproj.csv created in the usproj repo
br_2021,AR5,MMTCO2e,1996,7020.426969300846,Data pulled from data-raw/ncbr_comparison/AllReports_AllARs_usproj.csv in BTR repo. AllReports_AllARs_usproj.csv created in the usproj repo
br_2021,AR5,MMTCO2e,1997,7075.577366443227,Data pulled from data-raw/ncbr_comparison/AllReports_AllARs_usproj.csv in BTR repo. AllReports_AllARs_usproj.csv created in the usproj repo
br_2021,AR5,MMTCO2e,1998,7120.6439417476495,Data pulled from data-raw/ncbr_comparison/AllReports_AllARs_usproj.csv in BTR repo. AllReports_AllARs_usproj.csv created in the usproj repo
br_2021,AR5,MMTCO2e,1999,7161.266719023053,Data pulled from data-raw/ncbr_comparison/AllReports_AllARs_usproj.csv in BTR repo. AllReports_AllARs_usproj.csv created in the usproj repo
br_2021,AR5,MMTCO2e,2000,7349.305254151025,Data pulled from data-raw/ncbr_comparison/AllReports_AllARs_usproj.csv in BTR repo. AllReports_AllARs_usproj.csv created in the usproj repo
br_2021,AR5,MMTCO2e,2001,7236.475801070924,Data pulled from data-raw/ncbr_comparison/AllReports_AllARs_usproj.csv in BTR repo. AllReports_AllARs_usproj.csv created in the usproj repo
br_2021,AR5,MMTCO2e,2002,7277.244399277381,Data pulled from data-raw/ncbr_comparison/AllReports_AllARs_usproj.csv in BTR repo. AllReports_AllARs_usproj.csv created in the usproj repo
br_2021,AR5,MMTCO2e,2003,7334.524792040777,Data pulled from data-raw/ncbr_comparison/AllReports_AllARs_usproj.csv in BTR repo. AllReports_AllARs_usproj.csv created in the usproj repo
br_2021,AR5,MMTCO2e,2004,7446.633369323302,Data pulled from data-raw/ncbr_comparison/AllReports_AllARs_usproj.csv in BTR repo. AllReports_AllARs_usproj.csv created in the usproj repo
br_2021,AR5,MMTCO2e,2005,7455.626101516707,Data pulled from data-raw/ncbr_comparison/AllReports_AllARs_usproj.csv in BTR repo. AllReports_AllARs_usproj.csv created in the usproj repo
br_2021,AR5,MMTCO2e,2006,7377.760384506803,Data pulled from data-raw/ncbr_comparison/AllReports_AllARs_usproj.csv in BTR repo. AllReports_AllARs_usproj.csv created in the usproj repo
br_2021,AR5,MMTCO2e,2007,7482.247026695308,Data pulled from data-raw/ncbr_comparison/AllReports_AllARs_usproj.csv in BTR repo. AllReports_AllARs_usproj.csv created in the usproj repo
br_2021,AR5,MMTCO2e,2008,7259.892368525106,Data pulled from data-raw/ncbr_comparison/AllReports_AllARs_usproj.csv in BTR repo. AllReports_AllARs_usproj.csv created in the usproj repo
br_2021,AR5,MMTCO2e,2009,6806.148357284933,Data pulled from data-raw/ncbr_comparison/AllReports_AllARs_usproj.csv in BTR repo. AllReports_AllARs_usproj.csv created in the usproj repo
br_2021,AR5,MMTCO2e,2010,7023.275140456026,Data pulled from data-raw/ncbr_comparison/AllReports_AllARs_usproj.csv in BTR repo. AllReports_AllARs_usproj.csv created in the usproj repo
br_2021,AR5,MMTCO2e,2011,6858.655697848022,Data pulled from data-raw/ncbr_comparison/AllReports_AllARs_usproj.csv in BTR repo. AllReports_AllARs_usproj.csv created in the usproj repo
br_2021,AR5,MMTCO2e,2012,6619.486760676234,Data pulled from data-raw/ncbr_comparison/AllReports_AllARs_usproj.csv in BTR repo. AllReports_AllARs_usproj.csv created in the usproj repo
br_2021,AR5,MMTCO2e,2013,6792.240933287605,Data pulled from data-raw/ncbr_comparison/AllReports_AllARs_usproj.csv in BTR repo. AllReports_AllARs_usproj.csv created in the usproj repo
br_2021,AR5,MMTCO2e,2014,6850.132981251865,Data pulled from data-raw/ncbr_comparison/AllReports_AllARs_usproj.csv in BTR repo. AllReports_AllARs_usproj.csv created in the usproj repo
br_2021,AR5,MMTCO2e,2015,6697.6673367271,Data pulled from data-raw/ncbr_comparison/AllReports_AllARs_usproj.csv in BTR repo. AllReports_AllARs_usproj.csv created in the usproj repo
br_2021,AR5,MMTCO2e,2016,6548.005969730749,Data pulled from data-raw/ncbr_comparison/AllReports_AllARs_usproj.csv in BTR repo. AllReports_AllARs_usproj.csv created in the usproj repo
br_2021,AR5,MMTCO2e,2017,6511.340470632724,Data pulled from data-raw/ncbr_comparison/AllReports_AllARs_usproj.csv in BTR repo. AllReports_AllARs_usproj.csv created in the usproj repo
br_2021,AR5,MMTCO2e,2018,6699.360106249195,Data pulled from data-raw/ncbr_comparison/AllReports_AllARs_usproj.csv in BTR repo. AllReports_AllARs_usproj.csv created in the usproj repo
br_2021,AR5,MMTCO2e,2019,6588.331355568608,Data pulled from data-raw/ncbr_comparison/AllReports_AllARs_usproj.csv in BTR repo. AllReports_AllARs_usproj.csv created in the usproj repo
br_2021,AR5,MMTCO2e,2020,6130.235693324462,Data pulled from data-raw/ncbr_comparison/AllReports_AllARs_usproj.csv in BTR repo. AllReports_AllARs_usproj.csv created in the usproj repo
br_2021,AR5,MMTCO2e,2021,6290.562721013201,Data pulled from data-raw/ncbr_comparison/AllReports_AllARs_usproj.csv in BTR repo. AllReports_AllARs_usproj.csv created in the usproj repo
br_2021,AR5,MMTCO2e,2022,6417.039996659083,Data pulled from data-raw/ncbr_comparison/AllReports_AllARs_usproj.csv in BTR repo. AllReports_AllARs_usproj.csv created in the usproj repo
br_2021,AR5,MMTCO2e,2023,6339.569486705056,Data pulled from data-raw/ncbr_comparison/AllReports_AllARs_usproj.csv in BTR repo. AllReports_AllARs_usproj.csv created in the usproj repo
br_2021,AR5,MMTCO2e,2024,6262.090007988521,Data pulled from data-raw/ncbr_comparison/AllReports_AllARs_usproj.csv in BTR repo. AllReports_AllARs_usproj.csv created in the usproj repo
br_2021,AR5,MMTCO2e,2025,6219.261714754148,Data pulled from data-raw/ncbr_comparison/AllReports_AllARs_usproj.csv in BTR repo. AllReports_AllARs_usproj.csv created in the usproj repo
br_2021,AR5,MMTCO2e,2026,6255.6008370148875,Data pulled from data-raw/ncbr_comparison/AllReports_AllARs_usproj.csv in BTR repo. AllReports_AllARs_usproj.csv created in the usproj repo
br_2021,AR5,MMTCO2e,2027,6233.794538411386,Data pulled from data-raw/ncbr_comparison/AllReports_AllARs_usproj.csv in BTR repo. AllReports_AllARs_usproj.csv created in the usproj repo
br_2021,AR5,MMTCO2e,2028,6234.149978062919,Data pulled from data-raw/ncbr_comparison/AllReports_AllARs_usproj.csv in BTR repo. AllReports_AllARs_usproj.csv created in the usproj repo
br_2021,AR5,MMTCO2e,2029,6236.291076409848,Data pulled from data-raw/ncbr_comparison/AllReports_AllARs_usproj.csv in BTR repo. AllReports_AllARs_usproj.csv created in the usproj repo
br_2021,AR5,MMTCO2e,2030,6223.28943015534,Data pulled from data-raw/ncbr_comparison/AllReports_AllARs_usproj.csv in BTR repo. AllReports_AllARs_usproj.csv created in the usproj repo
br_2021,AR5,MMTCO2e,2031,6218.353880180121,Data pulled from data-raw/ncbr_comparison/AllReports_AllARs_usproj.csv in BTR repo. AllReports_AllARs_usproj.csv created in the usproj repo
br_2021,AR5,MMTCO2e,2032,6210.588851987547,Data pulled from data-raw/ncbr_comparison/AllReports_AllARs_usproj.csv in BTR repo. AllReports_AllARs_usproj.csv created in the usproj repo
br_2021,AR5,MMTCO2e,2033,6216.019183526516,Data pulled from data-raw/ncbr_comparison/AllReports_AllARs_usproj.csv in BTR repo. AllReports_AllARs_usproj.csv created in the usproj repo
br_2021,AR5,MMTCO2e,2034,6229.26635338295,Data pulled from data-raw/ncbr_comparison/AllReports_AllARs_usproj.csv in BTR repo. AllReports_AllARs_usproj.csv created in the usproj repo
br_2021,AR5,MMTCO2e,2035,6221.791106033422,Data pulled from data-raw/ncbr_comparison/AllReports_AllARs_usproj.csv in BTR repo. AllReports_AllARs_usproj.csv created in the usproj repo
br_2021,AR5,MMTCO2e,2036,6233.474422442286,Data pulled from data-raw/ncbr_comparison/AllReports_AllARs_usproj.csv in BTR repo. AllReports_AllARs_usproj.csv created in the usproj repo
br_2021,AR5,MMTCO2e,2037,6243.776134824301,Data pulled from data-raw/ncbr_comparison/AllReports_AllARs_usproj.csv in BTR repo. AllReports_AllARs_usproj.csv created in the usproj repo
br_2021,AR5,MMTCO2e,2038,6252.630306266719,Data pulled from data-raw/ncbr_comparison/AllReports_AllARs_usproj.csv in BTR repo. AllReports_AllARs_usproj.csv created in the usproj repo
br_2021,AR5,MMTCO2e,2039,6273.956797540793,Data pulled from data-raw/ncbr_comparison/AllReports_AllARs_usproj.csv in BTR repo. AllReports_AllARs_usproj.csv created in the usproj repo
br_2021,AR5,MMTCO2e,2040,6300.134206202098,Data pulled from data-raw/ncbr_comparison/AllReports_AllARs_usproj.csv in BTR repo. AllReports_AllARs_usproj.csv created in the usproj repo
br_2021,AR5,MMTCO2e,2041,6320.181425236652,Data pulled from data-raw/ncbr_comparison/AllReports_AllARs_usproj.csv in BTR repo. AllReports_AllARs_usproj.csv created in the usproj repo
br_2021,AR5,MMTCO2e,2042,6355.106346040925,Data pulled from data-raw/ncbr_comparison/AllReports_AllARs_usproj.csv in BTR repo. AllReports_AllARs_usproj.csv created in the usproj repo
br_2021,AR5,MMTCO2e,2043,6389.4186724580295,Data pulled from data-raw/ncbr_comparison/AllReports_AllARs_usproj.csv in BTR repo. AllReports_AllARs_usproj.csv created in the usproj repo
br_2021,AR5,MMTCO2e,2044,6417.863920657778,Data pulled from data-raw/ncbr_comparison/AllReports_AllARs_usproj.csv in BTR repo. AllReports_AllARs_usproj.csv created in the usproj repo
br_2021,AR5,MMTCO2e,2045,6435.673603513153,Data pulled from data-raw/ncbr_comparison/AllReports_AllARs_usproj.csv in BTR repo. AllReports_AllARs_usproj.csv created in the usproj repo
br_2021,AR5,MMTCO2e,2046,6461.371407782605,Data pulled from data-raw/ncbr_comparison/AllReports_AllARs_usproj.csv in BTR repo. AllReports_AllARs_usproj.csv created in the usproj repo
br_2021,AR5,MMTCO2e,2047,6489.889919069603,Data pulled from data-raw/ncbr_comparison/AllReports_AllARs_usproj.csv in BTR repo. AllReports_AllARs_usproj.csv created in the usproj repo
br_2021,AR5,MMTCO2e,2048,6526.816594848562,Data pulled from data-raw/ncbr_comparison/AllReports_AllARs_usproj.csv in BTR repo. AllReports_AllARs_usproj.csv created in the usproj repo
br_2021,AR5,MMTCO2e,2049,6563.514432310055,Data pulled from data-raw/ncbr_comparison/AllReports_AllARs_usproj.csv in BTR repo. AllReports_AllARs_usproj.csv created in the usproj repo
br_2021,AR5,MMTCO2e,2050,6599.849074166962,Data pulled from data-raw/ncbr_comparison/AllReports_AllARs_usproj.csv in BTR repo. AllReports_AllARs_usproj.csv created in the usproj repo
br_2022,AR5,MMTCO2e,1990,6498.092626633699,Data pulled from data-raw/ncbr_comparison/AllReports_AllARs_usproj.csv in BTR repo. AllReports_AllARs_usproj.csv created in the usproj repo
br_2022,AR5,MMTCO2e,1991,6429.2447241257505,Data pulled from data-raw/ncbr_comparison/AllReports_AllARs_usproj.csv in BTR repo. AllReports_AllARs_usproj.csv created in the usproj repo
br_2022,AR5,MMTCO2e,1992,6543.448085953138,Data pulled from data-raw/ncbr_comparison/AllReports_AllARs_usproj.csv in BTR repo. AllReports_AllARs_usproj.csv created in the usproj repo
br_2022,AR5,MMTCO2e,1993,6655.487517285096,Data pulled from data-raw/ncbr_comparison/AllReports_AllARs_usproj.csv in BTR repo. AllReports_AllARs_usproj.csv created in the usproj repo
br_2022,AR5,MMTCO2e,1994,6745.122235876879,Data pulled from data-raw/ncbr_comparison/AllReports_AllARs_usproj.csv in BTR repo. AllReports_AllARs_usproj.csv created in the usproj repo
br_2022,AR5,MMTCO2e,1995,6827.28268236222,Data pulled from data-raw/ncbr_comparison/AllReports_AllARs_usproj.csv in BTR repo. AllReports_AllARs_usproj.csv created in the usproj repo
br_2022,AR5,MMTCO2e,1996,7030.691402249185,Data pulled from data-raw/ncbr_comparison/AllReports_AllARs_usproj.csv in BTR repo. AllReports_AllARs_usproj.csv created in the usproj repo
br_2022,AR5,MMTCO2e,1997,7086.0495411871325,Data pulled from data-raw/ncbr_comparison/AllReports_AllARs_usproj.csv in BTR repo. AllReports_AllARs_usproj.csv created in the usproj repo
br_2022,AR5,MMTCO2e,1998,7132.606985670827,Data pulled from data-raw/ncbr_comparison/AllReports_AllARs_usproj.csv in BTR repo. AllReports_AllARs_usproj.csv created in the usproj repo
br_2022,AR5,MMTCO2e,1999,7175.126375521291,Data pulled from data-raw/ncbr_comparison/AllReports_AllARs_usproj.csv in BTR repo. AllReports_AllARs_usproj.csv created in the usproj repo
br_2022,AR5,MMTCO2e,2000,7365.28932822379,Data pulled from data-raw/ncbr_comparison/AllReports_AllARs_usproj.csv in BTR repo. AllReports_AllARs_usproj.csv created in the usproj repo
br_2022,AR5,MMTCO2e,2001,7254.309895514501,Data pulled from data-raw/ncbr_comparison/AllReports_AllARs_usproj.csv in BTR repo. AllReports_AllARs_usproj.csv created in the usproj repo
br_2022,AR5,MMTCO2e,2002,7293.560653221943,Data pulled from data-raw/ncbr_comparison/AllReports_AllARs_usproj.csv in BTR repo. AllReports_AllARs_usproj.csv created in the usproj repo
br_2022,AR5,MMTCO2e,2003,7348.010173614933,Data pulled from data-raw/ncbr_comparison/AllReports_AllARs_usproj.csv in BTR repo. AllReports_AllARs_usproj.csv created in the usproj repo
br_2022,AR5,MMTCO2e,2004,7460.847808608458,Data pulled from data-raw/ncbr_comparison/AllReports_AllARs_usproj.csv in BTR repo. AllReports_AllARs_usproj.csv created in the usproj repo
br_2022,AR5,MMTCO2e,2005,7468.632652950858,Data pulled from data-raw/ncbr_comparison/AllReports_AllARs_usproj.csv in BTR repo. AllReports_AllARs_usproj.csv created in the usproj repo
br_2022,AR5,MMTCO2e,2006,7395.530647959058,Data pulled from data-raw/ncbr_comparison/AllReports_AllARs_usproj.csv in BTR repo. AllReports_AllARs_usproj.csv created in the usproj repo
br_2022,AR5,MMTCO2e,2007,7497.7276008258505,Data pulled from data-raw/ncbr_comparison/AllReports_AllARs_usproj.csv in BTR repo. AllReports_AllARs_usproj.csv created in the usproj repo
br_2022,AR5,MMTCO2e,2008,7277.402220630395,Data pulled from data-raw/ncbr_comparison/AllReports_AllARs_usproj.csv in BTR repo. AllReports_AllARs_usproj.csv created in the usproj repo
br_2022,AR5,MMTCO2e,2009,6822.690803780953,Data pulled from data-raw/ncbr_comparison/AllReports_AllARs_usproj.csv in BTR repo. AllReports_AllARs_usproj.csv created in the usproj repo
br_2022,AR5,MMTCO2e,2010,7042.1905426603025,Data pulled from data-raw/ncbr_comparison/AllReports_AllARs_usproj.csv in BTR repo. AllReports_AllARs_usproj.csv created in the usproj repo
br_2022,AR5,MMTCO2e,2011,6877.688040011063,Data pulled from data-raw/ncbr_comparison/AllReports_AllARs_usproj.csv in BTR repo. AllReports_AllARs_usproj.csv created in the usproj repo
br_2022,AR5,MMTCO2e,2012,6641.70724912445,Data pulled from data-raw/ncbr_comparison/AllReports_AllARs_usproj.csv in BTR repo. AllReports_AllARs_usproj.csv created in the usproj repo
br_2022,AR5,MMTCO2e,2013,6813.948662134891,Data pulled from data-raw/ncbr_comparison/AllReports_AllARs_usproj.csv in BTR repo. AllReports_AllARs_usproj.csv created in the usproj repo
br_2022,AR5,MMTCO2e,2014,6871.247135583613,Data pulled from data-raw/ncbr_comparison/AllReports_AllARs_usproj.csv in BTR repo. AllReports_AllARs_usproj.csv created in the usproj repo
br_2022,AR5,MMTCO2e,2015,6717.575091582946,Data pulled from data-raw/ncbr_comparison/AllReports_AllARs_usproj.csv in BTR repo. AllReports_AllARs_usproj.csv created in the usproj repo
br_2022,AR5,MMTCO2e,2016,6567.214214272219,Data pulled from data-raw/ncbr_comparison/AllReports_AllARs_usproj.csv in BTR repo. AllReports_AllARs_usproj.csv created in the usproj repo
br_2022,AR5,MMTCO2e,2017,6531.764540069935,Data pulled from data-raw/ncbr_comparison/AllReports_AllARs_usproj.csv in BTR repo. AllReports_AllARs_usproj.csv created in the usproj repo
br_2022,AR5,MMTCO2e,2018,6717.583728578117,Data pulled from data-raw/ncbr_comparison/AllReports_AllARs_usproj.csv in BTR repo. AllReports_AllARs_usproj.csv created in the usproj repo
br_2022,AR5,MMTCO2e,2019,6601.513533358525,Data pulled from data-raw/ncbr_comparison/AllReports_AllARs_usproj.csv in BTR repo. AllReports_AllARs_usproj.csv created in the usproj repo
br_2022,AR5,MMTCO2e,2020,6012.389846910862,Data pulled from data-raw/ncbr_comparison/AllReports_AllARs_usproj.csv in BTR repo. AllReports_AllARs_usproj.csv created in the usproj repo
br_2022,AR5,MMTCO2e,2021,6336.311790541047,Data pulled from data-raw/ncbr_comparison/AllReports_AllARs_usproj.csv in BTR repo. AllReports_AllARs_usproj.csv created in the usproj repo
br_2022,AR5,MMTCO2e,2022,6374.231271921062,Data pulled from data-raw/ncbr_comparison/AllReports_AllARs_usproj.csv in BTR repo. AllReports_AllARs_usproj.csv created in the usproj repo
br_2022,AR5,MMTCO2e,2023,6368.900440184393,Data pulled from data-raw/ncbr_comparison/AllReports_AllARs_usproj.csv in BTR repo. AllReports_AllARs_usproj.csv created in the usproj repo
br_2022,AR5,MMTCO2e,2024,6192.829479832365,Data pulled from data-raw/ncbr_comparison/AllReports_AllARs_usproj.csv in BTR repo. AllReports_AllARs_usproj.csv created in the usproj repo
br_2022,AR5,MMTCO2e,2025,6158.9031363212935,Data pulled from data-raw/ncbr_comparison/AllReports_AllARs_usproj.csv in BTR repo. AllReports_AllARs_usproj.csv created in the usproj repo
br_2022,AR5,MMTCO2e,2026,6150.632726673403,Data pulled from data-raw/ncbr_comparison/AllReports_AllARs_usproj.csv in BTR repo. AllReports_AllARs_usproj.csv created in the usproj repo
br_2022,AR5,MMTCO2e,2027,6134.386487495311,Data pulled from data-raw/ncbr_comparison/AllReports_AllARs_usproj.csv in BTR repo. AllReports_AllARs_usproj.csv created in the usproj repo
br_2022,AR5,MMTCO2e,2028,6127.526984864963,Data pulled from data-raw/ncbr_comparison/AllReports_AllARs_usproj.csv in BTR repo. AllReports_AllARs_usproj.csv created in the usproj repo
br_2022,AR5,MMTCO2e,2029,6108.320181563477,Data pulled from data-raw/ncbr_comparison/AllReports_AllARs_usproj.csv in BTR repo. AllReports_AllARs_usproj.csv created in the usproj repo
br_2022,AR5,MMTCO2e,2030,6081.600089671384,Data pulled from data-raw/ncbr_comparison/AllReports_AllARs_usproj.csv in BTR repo. AllReports_AllARs_usproj.csv created in the usproj repo
br_2022,AR5,MMTCO2e,2031,6060.6427678840855,Data pulled from data-raw/ncbr_comparison/AllReports_AllARs_usproj.csv in BTR repo. AllReports_AllARs_usproj.csv created in the usproj repo
br_2022,AR5,MMTCO2e,2032,6045.151323584128,Data pulled from data-raw/ncbr_comparison/AllReports_AllARs_usproj.csv in BTR repo. AllReports_AllARs_usproj.csv created in the usproj repo
br_2022,AR5,MMTCO2e,2033,6050.33881351236,Data pulled from data-raw/ncbr_comparison/AllReports_AllARs_usproj.csv in BTR repo. AllReports_AllARs_usproj.csv created in the usproj repo
br_2022,AR5,MMTCO2e,2034,6002.503386662066,Data pulled from data-raw/ncbr_comparison/AllReports_AllARs_usproj.csv in BTR repo. AllReports_AllARs_usproj.csv created in the usproj repo
br_2022,AR5,MMTCO2e,2035,5973.721537970257,Data pulled from data-raw/ncbr_comparison/AllReports_AllARs_usproj.csv in BTR repo. AllReports_AllARs_usproj.csv created in the usproj repo
br_2022,AR5,MMTCO2e,2036,5937.359659383241,Data pulled from data-raw/ncbr_comparison/AllReports_AllARs_usproj.csv in BTR repo. AllReports_AllARs_usproj.csv created in the usproj repo
br_2022,AR5,MMTCO2e,2037,5938.016648275323,Data pulled from data-raw/ncbr_comparison/AllReports_AllARs_usproj.csv in BTR repo. AllReports_AllARs_usproj.csv created in the usproj repo
br_2022,AR5,MMTCO2e,2038,5946.035552603649,Data pulled from data-raw/ncbr_comparison/AllReports_AllARs_usproj.csv in BTR repo. AllReports_AllARs_usproj.csv created in the usproj repo
br_2022,AR5,MMTCO2e,2039,5955.163378349612,Data pulled from data-raw/ncbr_comparison/AllReports_AllARs_usproj.csv in BTR repo. AllReports_AllARs_usproj.csv created in the usproj repo
br_2022,AR5,MMTCO2e,2040,5961.152093051186,Data pulled from data-raw/ncbr_comparison/AllReports_AllARs_usproj.csv in BTR repo. AllReports_AllARs_usproj.csv created in the usproj repo
br_2022,AR5,MMTCO2e,2041,5975.063611414599,Data pulled from data-raw/ncbr_comparison/AllReports_AllARs_usproj.csv in BTR repo. AllReports_AllARs_usproj.csv created in the usproj repo
br_2022,AR5,MMTCO2e,2042,5989.905833133716,Data pulled from data-raw/ncbr_comparison/AllReports_AllARs_usproj.csv in BTR repo. AllReports_AllARs_usproj.csv created in the usproj repo
br_2022,AR5,MMTCO2e,2043,5999.723263275091,Data pulled from data-raw/ncbr_comparison/AllReports_AllARs_usproj.csv in BTR repo. AllReports_AllARs_usproj.csv created in the usproj repo
br_2022,AR5,MMTCO2e,2044,6016.789518551255,Data pulled from data-raw/ncbr_comparison/AllReports_AllARs_usproj.csv in BTR repo. AllReports_AllARs_usproj.csv created in the usproj repo
br_2022,AR5,MMTCO2e,2045,6034.111466079864,Data pulled from data-raw/ncbr_comparison/AllReports_AllARs_usproj.csv in BTR repo. AllReports_AllARs_usproj.csv created in the usproj repo
br_2022,AR5,MMTCO2e,2046,6057.023540147975,Data pulled from data-raw/ncbr_comparison/AllReports_AllARs_usproj.csv in BTR repo. AllReports_AllARs_usproj.csv created in the usproj repo
br_2022,AR5,MMTCO2e,2047,6077.949359794797,Data pulled from data-raw/ncbr_comparison/AllReports_AllARs_usproj.csv in BTR repo. AllReports_AllARs_usproj.csv created in the usproj repo
br_2022,AR5,MMTCO2e,2048,6099.029155280546,Data pulled from data-raw/ncbr_comparison/AllReports_AllARs_usproj.csv in BTR repo. AllReports_AllARs_usproj.csv created in the usproj repo
br_2022,AR5,MMTCO2e,2049,6123.2771363662005,Data pulled from data-raw/ncbr_comparison/AllReports_AllARs_usproj.csv in BTR repo. AllReports_AllARs_usproj.csv created in the usproj repo
br_2022,AR5,MMTCO2e,2050,6157.672662421857,Data pulled from data-raw/ncbr_comparison/AllReports_AllARs_usproj.csv in BTR repo. AllReports_AllARs_usproj.csv created in the usproj repo
