proj_name,gas,usproj_sector,unit,year,sum
ghgi,CH4,Agriculture,MMTCO2e,1990,429.52
ghgi,CH4,Agriculture,MMTCO2e,1991,433.62
ghgi,CH4,Agriculture,MMTCO2e,1992,440.40000000000003
ghgi,CH4,Agriculture,MMTCO2e,1993,450.44
ghgi,CH4,Agriculture,MMTCO2e,1994,459.26
ghgi,CH4,Agriculture,MMTCO2e,1995,470.88
ghgi,CH4,Agriculture,MMTCO2e,1996,467.82
ghgi,CH4,Agriculture,MMTCO2e,1997,461.9
ghgi,CH4,Agriculture,MMTCO2e,1998,468.34
ghgi,CH4,Agriculture,MMTCO2e,1999,469.85999999999996
ghgi,CH4,Agriculture,MMTCO2e,2000,469.56
ghgi,CH4,Agriculture,MMTCO2e,2001,463.3
ghgi,CH4,Agriculture,MMTCO2e,2002,470.26
ghgi,CH4,Agriculture,MMTCO2e,2003,465.16
ghgi,CH4,Agriculture,MMTCO2e,2004,457.02
ghgi,CH4,Agriculture,MMTCO2e,2005,470.9
ghgi,CH4,Agriculture,MMTCO2e,2006,469.88
ghgi,CH4,Agriculture,MMTCO2e,2007,486.88
ghgi,CH4,Agriculture,MMTCO2e,2008,478.34
ghgi,CH4,Agriculture,MMTCO2e,2009,478.56
ghgi,CH4,Agriculture,MMTCO2e,2010,484.08
ghgi,CH4,Agriculture,MMTCO2e,2011,473
ghgi,CH4,Agriculture,MMTCO2e,2012,472.06
ghgi,CH4,Agriculture,MMTCO2e,2013,462.9
ghgi,CH4,Agriculture,MMTCO2e,2014,461.53999999999996
ghgi,CH4,Agriculture,MMTCO2e,2015,476
ghgi,CH4,Agriculture,MMTCO2e,2016,489.38
ghgi,CH4,Agriculture,MMTCO2e,2017,495.48
ghgi,CH4,Agriculture,MMTCO2e,2018,502.08
ghgi,CH4,Agriculture,MMTCO2e,2019,500.7
ghgi,CH4,Agriculture,MMTCO2e,2020,501.86
ghgi,CH4,Agriculture,MMTCO2e,2021,496.96000000000004
ghgi,CH4,Energy,MMTCO2e,1990,587.3199999999999
ghgi,CH4,Energy,MMTCO2e,1991,586.78
ghgi,CH4,Energy,MMTCO2e,1992,578.96
ghgi,CH4,Energy,MMTCO2e,1993,555.42
ghgi,CH4,Energy,MMTCO2e,1994,562.9399999999999
ghgi,CH4,Energy,MMTCO2e,1995,552.76
ghgi,CH4,Energy,MMTCO2e,1996,554.66
ghgi,CH4,Energy,MMTCO2e,1997,555.38
ghgi,CH4,Energy,MMTCO2e,1998,544.34
ghgi,CH4,Energy,MMTCO2e,1999,528.26
ghgi,CH4,Energy,MMTCO2e,2000,532.28
ghgi,CH4,Energy,MMTCO2e,2001,537
ghgi,CH4,Energy,MMTCO2e,2002,522.96
ghgi,CH4,Energy,MMTCO2e,2003,527.4
ghgi,CH4,Energy,MMTCO2e,2004,536.82
ghgi,CH4,Energy,MMTCO2e,2005,531.0600000000001
ghgi,CH4,Energy,MMTCO2e,2006,552.74
ghgi,CH4,Energy,MMTCO2e,2007,550.08
ghgi,CH4,Energy,MMTCO2e,2008,585.5600000000001
ghgi,CH4,Energy,MMTCO2e,2009,573.78
ghgi,CH4,Energy,MMTCO2e,2010,576
ghgi,CH4,Energy,MMTCO2e,2011,562.12
ghgi,CH4,Energy,MMTCO2e,2012,537.08
ghgi,CH4,Energy,MMTCO2e,2013,556.64
ghgi,CH4,Energy,MMTCO2e,2014,550.78
ghgi,CH4,Energy,MMTCO2e,2015,531.64
ghgi,CH4,Energy,MMTCO2e,2016,478.3
ghgi,CH4,Energy,MMTCO2e,2017,503.44
ghgi,CH4,Energy,MMTCO2e,2018,508.2
ghgi,CH4,Energy,MMTCO2e,2019,491.74
ghgi,CH4,Energy,MMTCO2e,2020,449.9
ghgi,CH4,Energy,MMTCO2e,2021,434.52000000000004
ghgi,CH4,IPPU,MMTCO2e,1990,0.6
ghgi,CH4,IPPU,MMTCO2e,1991,0.54
ghgi,CH4,IPPU,MMTCO2e,1992,0.6
ghgi,CH4,IPPU,MMTCO2e,1993,0.66
ghgi,CH4,IPPU,MMTCO2e,1994,0.76
ghgi,CH4,IPPU,MMTCO2e,1995,0.7
ghgi,CH4,IPPU,MMTCO2e,1996,0.74
ghgi,CH4,IPPU,MMTCO2e,1997,0.7999999999999999
ghgi,CH4,IPPU,MMTCO2e,1998,0.7999999999999999
ghgi,CH4,IPPU,MMTCO2e,1999,0.74
ghgi,CH4,IPPU,MMTCO2e,2000,0.7
ghgi,CH4,IPPU,MMTCO2e,2001,0.42000000000000004
ghgi,CH4,IPPU,MMTCO2e,2002,0.42000000000000004
ghgi,CH4,IPPU,MMTCO2e,2003,0.42000000000000004
ghgi,CH4,IPPU,MMTCO2e,2004,0.38
ghgi,CH4,IPPU,MMTCO2e,2005,0.18
ghgi,CH4,IPPU,MMTCO2e,2006,0.12000000000000001
ghgi,CH4,IPPU,MMTCO2e,2007,0.12000000000000001
ghgi,CH4,IPPU,MMTCO2e,2008,0.12000000000000001
ghgi,CH4,IPPU,MMTCO2e,2009,0.12000000000000001
ghgi,CH4,IPPU,MMTCO2e,2010,0.12000000000000001
ghgi,CH4,IPPU,MMTCO2e,2011,0.12000000000000001
ghgi,CH4,IPPU,MMTCO2e,2012,0.24
ghgi,CH4,IPPU,MMTCO2e,2013,0.18
ghgi,CH4,IPPU,MMTCO2e,2014,0.32
ghgi,CH4,IPPU,MMTCO2e,2015,0.44
ghgi,CH4,IPPU,MMTCO2e,2016,0.58
ghgi,CH4,IPPU,MMTCO2e,2017,0.58
ghgi,CH4,IPPU,MMTCO2e,2018,0.6799999999999999
ghgi,CH4,IPPU,MMTCO2e,2019,0.66
ghgi,CH4,IPPU,MMTCO2e,2020,0.62
ghgi,CH4,IPPU,MMTCO2e,2021,0.78
ghgi,CH4,LULUCF,MMTCO2e,1990,15.600000000000001
ghgi,CH4,LULUCF,MMTCO2e,1991,14.600000000000001
ghgi,CH4,LULUCF,MMTCO2e,1992,11
ghgi,CH4,LULUCF,MMTCO2e,1993,11.200000000000001
ghgi,CH4,LULUCF,MMTCO2e,1994,16
ghgi,CH4,LULUCF,MMTCO2e,1995,10.6
ghgi,CH4,LULUCF,MMTCO2e,1996,14
ghgi,CH4,LULUCF,MMTCO2e,1997,10
ghgi,CH4,LULUCF,MMTCO2e,1998,11.8
ghgi,CH4,LULUCF,MMTCO2e,1999,17.4
ghgi,CH4,LULUCF,MMTCO2e,2000,25.6
ghgi,CH4,LULUCF,MMTCO2e,2001,14.399999999999999
ghgi,CH4,LULUCF,MMTCO2e,2002,30.799999999999997
ghgi,CH4,LULUCF,MMTCO2e,2003,22
ghgi,CH4,LULUCF,MMTCO2e,2004,42.400000000000006
ghgi,CH4,LULUCF,MMTCO2e,2005,31.6
ghgi,CH4,LULUCF,MMTCO2e,2006,21.8
ghgi,CH4,LULUCF,MMTCO2e,2007,28.2
ghgi,CH4,LULUCF,MMTCO2e,2008,18.6
ghgi,CH4,LULUCF,MMTCO2e,2009,24.6
ghgi,CH4,LULUCF,MMTCO2e,2010,13.4
ghgi,CH4,LULUCF,MMTCO2e,2011,20.4
ghgi,CH4,LULUCF,MMTCO2e,2012,23
ghgi,CH4,LULUCF,MMTCO2e,2013,23.4
ghgi,CH4,LULUCF,MMTCO2e,2014,15.399999999999999
ghgi,CH4,LULUCF,MMTCO2e,2015,43
ghgi,CH4,LULUCF,MMTCO2e,2016,16.4
ghgi,CH4,LULUCF,MMTCO2e,2017,28.799999999999997
ghgi,CH4,LULUCF,MMTCO2e,2018,23.4
ghgi,CH4,LULUCF,MMTCO2e,2019,22.4
ghgi,CH4,LULUCF,MMTCO2e,2020,39.6
ghgi,CH4,LULUCF,MMTCO2e,2021,40.6
ghgi,CH4,Transportation,MMTCO2e,1990,14.4
ghgi,CH4,Transportation,MMTCO2e,1991,14
ghgi,CH4,Transportation,MMTCO2e,1992,14.2
ghgi,CH4,Transportation,MMTCO2e,1993,14
ghgi,CH4,Transportation,MMTCO2e,1994,14
ghgi,CH4,Transportation,MMTCO2e,1995,14
ghgi,CH4,Transportation,MMTCO2e,1996,13.8
ghgi,CH4,Transportation,MMTCO2e,1997,13.4
ghgi,CH4,Transportation,MMTCO2e,1998,12.8
ghgi,CH4,Transportation,MMTCO2e,1999,11.6
ghgi,CH4,Transportation,MMTCO2e,2000,11.2
ghgi,CH4,Transportation,MMTCO2e,2001,10.6
ghgi,CH4,Transportation,MMTCO2e,2002,10
ghgi,CH4,Transportation,MMTCO2e,2003,9.6
ghgi,CH4,Transportation,MMTCO2e,2004,9.4
ghgi,CH4,Transportation,MMTCO2e,2005,8.8
ghgi,CH4,Transportation,MMTCO2e,2006,8.8
ghgi,CH4,Transportation,MMTCO2e,2007,8.4
ghgi,CH4,Transportation,MMTCO2e,2008,7.8
ghgi,CH4,Transportation,MMTCO2e,2009,7.4
ghgi,CH4,Transportation,MMTCO2e,2010,7.4
ghgi,CH4,Transportation,MMTCO2e,2011,7.2
ghgi,CH4,Transportation,MMTCO2e,2012,7
ghgi,CH4,Transportation,MMTCO2e,2013,6.8
ghgi,CH4,Transportation,MMTCO2e,2014,6.4
ghgi,CH4,Transportation,MMTCO2e,2015,6.2
ghgi,CH4,Transportation,MMTCO2e,2016,6
ghgi,CH4,Transportation,MMTCO2e,2017,5.8
ghgi,CH4,Transportation,MMTCO2e,2018,5.8
ghgi,CH4,Transportation,MMTCO2e,2019,5.8
ghgi,CH4,Transportation,MMTCO2e,2020,5.2
ghgi,CH4,Transportation,MMTCO2e,2021,5.2
ghgi,CH4,Waste,MMTCO2e,1990,394.5
ghgi,CH4,Waste,MMTCO2e,1991,399.84000000000003
ghgi,CH4,Waste,MMTCO2e,1992,400.06
ghgi,CH4,Waste,MMTCO2e,1993,396.3
ghgi,CH4,Waste,MMTCO2e,1994,396.54
ghgi,CH4,Waste,MMTCO2e,1995,387.06
ghgi,CH4,Waste,MMTCO2e,1996,380.18
ghgi,CH4,Waste,MMTCO2e,1997,361.85999999999996
ghgi,CH4,Waste,MMTCO2e,1998,343.12
ghgi,CH4,Waste,MMTCO2e,1999,330.42
ghgi,CH4,Waste,MMTCO2e,2000,324.08
ghgi,CH4,Waste,MMTCO2e,2001,315.02
ghgi,CH4,Waste,MMTCO2e,2002,312.58
ghgi,CH4,Waste,MMTCO2e,2003,317.38
ghgi,CH4,Waste,MMTCO2e,2004,312.48
ghgi,CH4,Waste,MMTCO2e,2005,308
ghgi,CH4,Waste,MMTCO2e,2006,303.72
ghgi,CH4,Waste,MMTCO2e,2007,299.46
ghgi,CH4,Waste,MMTCO2e,2008,295.26
ghgi,CH4,Waste,MMTCO2e,2009,289.98
ghgi,CH4,Waste,MMTCO2e,2010,291.32
ghgi,CH4,Waste,MMTCO2e,2011,274.82
ghgi,CH4,Waste,MMTCO2e,2012,277.94
ghgi,CH4,Waste,MMTCO2e,2013,270.96
ghgi,CH4,Waste,MMTCO2e,2014,270.52000000000004
ghgi,CH4,Waste,MMTCO2e,2015,268.26
ghgi,CH4,Waste,MMTCO2e,2016,261.24
ghgi,CH4,Waste,MMTCO2e,2017,265.02
ghgi,CH4,Waste,MMTCO2e,2018,269.32
ghgi,CH4,Waste,MMTCO2e,2019,273.06
ghgi,CH4,Waste,MMTCO2e,2020,265.92
ghgi,CH4,Waste,MMTCO2e,2021,261.56
ghgi,CO2,Agriculture,MMTCO2e,1990,14.22
ghgi,CO2,Agriculture,MMTCO2e,1991,14.64
ghgi,CO2,Agriculture,MMTCO2e,1992,13.780000000000001
ghgi,CO2,Agriculture,MMTCO2e,1993,12.879999999999999
ghgi,CO2,Agriculture,MMTCO2e,1994,13.64
ghgi,CO2,Agriculture,MMTCO2e,1995,14.1
ghgi,CO2,Agriculture,MMTCO2e,1996,13.9
ghgi,CO2,Agriculture,MMTCO2e,1997,13.96
ghgi,CO2,Agriculture,MMTCO2e,1998,15.46
ghgi,CO2,Agriculture,MMTCO2e,1999,15.02
ghgi,CO2,Agriculture,MMTCO2e,2000,15.16
ghgi,CO2,Agriculture,MMTCO2e,2001,15.780000000000001
ghgi,CO2,Agriculture,MMTCO2e,2002,17.2
ghgi,CO2,Agriculture,MMTCO2e,2003,16.54
ghgi,CO2,Agriculture,MMTCO2e,2004,14.96
ghgi,CO2,Agriculture,MMTCO2e,2005,15.7
ghgi,CO2,Agriculture,MMTCO2e,2006,15.76
ghgi,CO2,Agriculture,MMTCO2e,2007,16.439999999999998
ghgi,CO2,Agriculture,MMTCO2e,2008,17.28
ghgi,CO2,Agriculture,MMTCO2e,2009,14.46
ghgi,CO2,Agriculture,MMTCO2e,2010,17.12
ghgi,CO2,Agriculture,MMTCO2e,2011,15.94
ghgi,CO2,Agriculture,MMTCO2e,2012,20.5
ghgi,CO2,Agriculture,MMTCO2e,2013,16.700000000000003
ghgi,CO2,Agriculture,MMTCO2e,2014,16.2
ghgi,CO2,Agriculture,MMTCO2e,2015,16.84
ghgi,CO2,Agriculture,MMTCO2e,2016,15.48
ghgi,CO2,Agriculture,MMTCO2e,2017,15.86
ghgi,CO2,Agriculture,MMTCO2e,2018,14.360000000000001
ghgi,CO2,Agriculture,MMTCO2e,2019,14.46
ghgi,CO2,Agriculture,MMTCO2e,2020,16.08
ghgi,CO2,Agriculture,MMTCO2e,2021,16.52
ghgi,CO2,Energy,MMTCO2e,1990,7321.52
ghgi,CO2,Energy,MMTCO2e,1991,7312.68
ghgi,CO2,Energy,MMTCO2e,1992,7443.8
ghgi,CO2,Energy,MMTCO2e,1993,7573.9000000000005
ghgi,CO2,Energy,MMTCO2e,1994,7662.96
ghgi,CO2,Energy,MMTCO2e,1995,7723.6
ghgi,CO2,Energy,MMTCO2e,1996,8012.06
ghgi,CO2,Energy,MMTCO2e,1997,8106.12
ghgi,CO2,Energy,MMTCO2e,1998,8093.74
ghgi,CO2,Energy,MMTCO2e,1999,8108.46
ghgi,CO2,Energy,MMTCO2e,2000,8448.88
ghgi,CO2,Energy,MMTCO2e,2001,8297.68
ghgi,CO2,Energy,MMTCO2e,2002,8295.5
ghgi,CO2,Energy,MMTCO2e,2003,8426.38
ghgi,CO2,Energy,MMTCO2e,2004,8581.52
ghgi,CO2,Energy,MMTCO2e,2005,8613.82
ghgi,CO2,Energy,MMTCO2e,2006,8457.6
ghgi,CO2,Energy,MMTCO2e,2007,8618.84
ghgi,CO2,Energy,MMTCO2e,2008,8445.06
ghgi,CO2,Energy,MMTCO2e,2009,7798.88
ghgi,CO2,Energy,MMTCO2e,2010,8195.22
ghgi,CO2,Energy,MMTCO2e,2011,7986.2
ghgi,CO2,Energy,MMTCO2e,2012,7590.96
ghgi,CO2,Energy,MMTCO2e,2013,7896.4800000000005
ghgi,CO2,Energy,MMTCO2e,2014,7920.320000000001
ghgi,CO2,Energy,MMTCO2e,2015,7595.54
ghgi,CO2,Energy,MMTCO2e,2016,7286.76
ghgi,CO2,Energy,MMTCO2e,2017,7150.0199999999995
ghgi,CO2,Energy,MMTCO2e,2018,7429.52
ghgi,CO2,Energy,MMTCO2e,2019,7172.92
ghgi,CO2,Energy,MMTCO2e,2020,6529.62
ghgi,CO2,Energy,MMTCO2e,2021,6810.9000000000005
ghgi,CO2,Energy,Mt CO2/yr,2010,25159.740168124386
ghgi,CO2,Energy,Mt CO2/yr,2015,22480.197166165777
ghgi,CO2,Energy,Mt CO2/yr,2017,11463.640491584
ghgi,CO2,Energy,Mt CO2/yr,2020,50983.021204830366
ghgi,CO2,Energy,Mt CO2/yr,2021,9293.634705
ghgi,CO2,IPPU,MMTCO2e,1990,427.97999999999996
ghgi,CO2,IPPU,MMTCO2e,1991,408.68
ghgi,CO2,IPPU,MMTCO2e,1992,415.14
ghgi,CO2,IPPU,MMTCO2e,1993,410.59999999999997
ghgi,CO2,IPPU,MMTCO2e,1994,425.98
ghgi,CO2,IPPU,MMTCO2e,1995,442.86
ghgi,CO2,IPPU,MMTCO2e,1996,445.06
ghgi,CO2,IPPU,MMTCO2e,1997,454.44
ghgi,CO2,IPPU,MMTCO2e,1998,447.58
ghgi,CO2,IPPU,MMTCO2e,1999,445.28000000000003
ghgi,CO2,IPPU,MMTCO2e,2000,439.26
ghgi,CO2,IPPU,MMTCO2e,2001,396.52
ghgi,CO2,IPPU,MMTCO2e,2002,395.8
ghgi,CO2,IPPU,MMTCO2e,2003,385.47999999999996
ghgi,CO2,IPPU,MMTCO2e,2004,401.14
ghgi,CO2,IPPU,MMTCO2e,2005,390.74
ghgi,CO2,IPPU,MMTCO2e,2006,400.56
ghgi,CO2,IPPU,MMTCO2e,2007,405.08000000000004
ghgi,CO2,IPPU,MMTCO2e,2008,374.92
ghgi,CO2,IPPU,MMTCO2e,2009,290.2
ghgi,CO2,IPPU,MMTCO2e,2010,345.84000000000003
ghgi,CO2,IPPU,MMTCO2e,2011,353.88
ghgi,CO2,IPPU,MMTCO2e,2012,348.82
ghgi,CO2,IPPU,MMTCO2e,2013,350.71999999999997
ghgi,CO2,IPPU,MMTCO2e,2014,361.02
ghgi,CO2,IPPU,MMTCO2e,2015,347.44
ghgi,CO2,IPPU,MMTCO2e,2016,331.62
ghgi,CO2,IPPU,MMTCO2e,2017,332.36
ghgi,CO2,IPPU,MMTCO2e,2018,331.98
ghgi,CO2,IPPU,MMTCO2e,2019,339.98
ghgi,CO2,IPPU,MMTCO2e,2020,323.54
ghgi,CO2,IPPU,MMTCO2e,2021,337.7
ghgi,CO2,Transportation,MMTCO2e,1990,2937.8
ghgi,CO2,Transportation,MMTCO2e,1991,2844.6
ghgi,CO2,Transportation,MMTCO2e,1992,2955.2
ghgi,CO2,Transportation,MMTCO2e,1993,3017.2
ghgi,CO2,Transportation,MMTCO2e,1994,3107.8
ghgi,CO2,Transportation,MMTCO2e,1995,3161.4
ghgi,CO2,Transportation,MMTCO2e,1996,3254.8
ghgi,CO2,Transportation,MMTCO2e,1997,3287
ghgi,CO2,Transportation,MMTCO2e,1998,3357.8
ghgi,CO2,Transportation,MMTCO2e,1999,3492.6
ghgi,CO2,Transportation,MMTCO2e,2000,3584.4
ghgi,CO2,Transportation,MMTCO2e,2001,3525
ghgi,CO2,Transportation,MMTCO2e,2002,3606
ghgi,CO2,Transportation,MMTCO2e,2003,3624
ghgi,CO2,Transportation,MMTCO2e,2004,3690.4
ghgi,CO2,Transportation,MMTCO2e,2005,3717.2
ghgi,CO2,Transportation,MMTCO2e,2006,3718.2
ghgi,CO2,Transportation,MMTCO2e,2007,3721.4
ghgi,CO2,Transportation,MMTCO2e,2008,3519.4
ghgi,CO2,Transportation,MMTCO2e,2009,3377
ghgi,CO2,Transportation,MMTCO2e,2010,3393.2
ghgi,CO2,Transportation,MMTCO2e,2011,3340.8
ghgi,CO2,Transportation,MMTCO2e,2012,3318.8
ghgi,CO2,Transportation,MMTCO2e,2013,3338
ghgi,CO2,Transportation,MMTCO2e,2014,3414.4
ghgi,CO2,Transportation,MMTCO2e,2015,3436.4
ghgi,CO2,Transportation,MMTCO2e,2016,3515.4
ghgi,CO2,Transportation,MMTCO2e,2017,3560.2
ghgi,CO2,Transportation,MMTCO2e,2018,3625.8
ghgi,CO2,Transportation,MMTCO2e,2019,3632.8
ghgi,CO2,Transportation,MMTCO2e,2020,3145
ghgi,CO2,Transportation,MMTCO2e,2021,3504.8
ghgi,CO2,Transportation,Mt CO2/yr,2010,13159.761555630359
ghgi,CO2,Transportation,Mt CO2/yr,2015,13302.04334591622
ghgi,CO2,Transportation,Mt CO2/yr,2017,14898.982950000001
ghgi,CO2,Transportation,Mt CO2/yr,2020,30426.24587431008
ghgi,CO2,Transportation,Mt CO2/yr,2021,5293.349758
ghgi,F-gas,IPPU,MMTCO2e,1990,6.6
ghgi,F-gas,IPPU,MMTCO2e,1991,6.6
ghgi,F-gas,IPPU,MMTCO2e,1992,6.6
ghgi,F-gas,IPPU,MMTCO2e,1993,8.2
ghgi,F-gas,IPPU,MMTCO2e,1994,9
ghgi,F-gas,IPPU,MMTCO2e,1995,11.4
ghgi,F-gas,IPPU,MMTCO2e,1996,12.6
ghgi,F-gas,IPPU,MMTCO2e,1997,13.2
ghgi,F-gas,IPPU,MMTCO2e,1998,16.2
ghgi,F-gas,IPPU,MMTCO2e,1999,16.6
ghgi,F-gas,IPPU,MMTCO2e,2000,14
ghgi,F-gas,IPPU,MMTCO2e,2001,9.8
ghgi,F-gas,IPPU,MMTCO2e,2002,10.2
ghgi,F-gas,IPPU,MMTCO2e,2003,9.8
ghgi,F-gas,IPPU,MMTCO2e,2004,9.2
ghgi,F-gas,IPPU,MMTCO2e,2005,8.6
ghgi,F-gas,IPPU,MMTCO2e,2006,9.4
ghgi,F-gas,IPPU,MMTCO2e,2007,8.6
ghgi,F-gas,IPPU,MMTCO2e,2008,8
ghgi,F-gas,IPPU,MMTCO2e,2009,5.8
ghgi,F-gas,IPPU,MMTCO2e,2010,7.4
ghgi,F-gas,IPPU,MMTCO2e,2011,9.6
ghgi,F-gas,IPPU,MMTCO2e,2012,8.8
ghgi,F-gas,IPPU,MMTCO2e,2013,8.2
ghgi,F-gas,IPPU,MMTCO2e,2014,8.6
ghgi,F-gas,IPPU,MMTCO2e,2015,8.6
ghgi,F-gas,IPPU,MMTCO2e,2016,8.6
ghgi,F-gas,IPPU,MMTCO2e,2017,8.6
ghgi,F-gas,IPPU,MMTCO2e,2018,8.8
ghgi,F-gas,IPPU,MMTCO2e,2019,8.2
ghgi,F-gas,IPPU,MMTCO2e,2020,8.2
ghgi,F-gas,IPPU,MMTCO2e,2021,9
ghgi,HFCs,IPPU,MMTCO2e,1990,89.39999999999999
ghgi,HFCs,IPPU,MMTCO2e,1991,89.8
ghgi,HFCs,IPPU,MMTCO2e,1992,92
ghgi,HFCs,IPPU,MMTCO2e,1993,99.8
ghgi,HFCs,IPPU,MMTCO2e,1994,115.8
ghgi,HFCs,IPPU,MMTCO2e,1995,147.6
ghgi,HFCs,IPPU,MMTCO2e,1996,171
ghgi,HFCs,IPPU,MMTCO2e,1997,193.2
ghgi,HFCs,IPPU,MMTCO2e,1998,209
ghgi,HFCs,IPPU,MMTCO2e,1999,225.2
ghgi,HFCs,IPPU,MMTCO2e,2000,209.60000000000002
ghgi,HFCs,IPPU,MMTCO2e,2001,222.8
ghgi,HFCs,IPPU,MMTCO2e,2002,232.39999999999998
ghgi,HFCs,IPPU,MMTCO2e,2003,211.79999999999998
ghgi,HFCs,IPPU,MMTCO2e,2004,249
ghgi,HFCs,IPPU,MMTCO2e,2005,228.4
ghgi,HFCs,IPPU,MMTCO2e,2006,241.2
ghgi,HFCs,IPPU,MMTCO2e,2007,285.2
ghgi,HFCs,IPPU,MMTCO2e,2008,271.6
ghgi,HFCs,IPPU,MMTCO2e,2009,290.20000000000005
ghgi,HFCs,IPPU,MMTCO2e,2010,305
ghgi,HFCs,IPPU,MMTCO2e,2011,311.20000000000005
ghgi,HFCs,IPPU,MMTCO2e,2012,286.4
ghgi,HFCs,IPPU,MMTCO2e,2013,290.8
ghgi,HFCs,IPPU,MMTCO2e,2014,299.2
ghgi,HFCs,IPPU,MMTCO2e,2015,308.2
ghgi,HFCs,IPPU,MMTCO2e,2016,311.59999999999997
ghgi,HFCs,IPPU,MMTCO2e,2017,312.4
ghgi,HFCs,IPPU,MMTCO2e,2018,315.59999999999997
ghgi,HFCs,IPPU,MMTCO2e,2019,324
ghgi,HFCs,IPPU,MMTCO2e,2020,332.4
ghgi,HFCs,IPPU,MMTCO2e,2021,344.8
ghgi,LULUCF Sink,LULUCF Sink,MMT CO2e,2019,-1462.8600000000001
ghgi,LULUCF Sink,LULUCF Sink,MMTCO2e,1990,-881
ghgi,LULUCF Sink,LULUCF Sink,MMTCO2e,1991,-887.2
ghgi,LULUCF Sink,LULUCF Sink,MMTCO2e,1992,-882.5
ghgi,LULUCF Sink,LULUCF Sink,MMTCO2e,1993,-863.1
ghgi,LULUCF Sink,LULUCF Sink,MMTCO2e,1994,-873.6
ghgi,LULUCF Sink,LULUCF Sink,MMTCO2e,1995,-848.8
ghgi,LULUCF Sink,LULUCF Sink,MMTCO2e,1996,-866.4
ghgi,LULUCF Sink,LULUCF Sink,MMTCO2e,1997,-849.9
ghgi,LULUCF Sink,LULUCF Sink,MMTCO2e,1998,-850
ghgi,LULUCF Sink,LULUCF Sink,MMTCO2e,1999,-841
ghgi,LULUCF Sink,LULUCF Sink,MMTCO2e,2000,-835.8
ghgi,LULUCF Sink,LULUCF Sink,MMTCO2e,2001,-842.6
ghgi,LULUCF Sink,LULUCF Sink,MMTCO2e,2002,-796.6
ghgi,LULUCF Sink,LULUCF Sink,MMTCO2e,2003,-828.1
ghgi,LULUCF Sink,LULUCF Sink,MMTCO2e,2004,-709.6
ghgi,LULUCF Sink,LULUCF Sink,MMTCO2e,2005,-781.1
ghgi,LULUCF Sink,LULUCF Sink,MMTCO2e,2006,-818.4
ghgi,LULUCF Sink,LULUCF Sink,MMTCO2e,2007,-774.1
ghgi,LULUCF Sink,LULUCF Sink,MMTCO2e,2008,-763.4
ghgi,LULUCF Sink,LULUCF Sink,MMTCO2e,2009,-720.5
ghgi,LULUCF Sink,LULUCF Sink,MMTCO2e,2010,-751
ghgi,LULUCF Sink,LULUCF Sink,MMTCO2e,2011,-791.2
ghgi,LULUCF Sink,LULUCF Sink,MMTCO2e,2012,-785.6
ghgi,LULUCF Sink,LULUCF Sink,MMTCO2e,2013,-749.2
ghgi,LULUCF Sink,LULUCF Sink,MMTCO2e,2014,-768.8
ghgi,LULUCF Sink,LULUCF Sink,MMTCO2e,2015,-671.9
ghgi,LULUCF Sink,LULUCF Sink,MMTCO2e,2016,-815.3
ghgi,LULUCF Sink,LULUCF Sink,MMTCO2e,2017,-774.2
ghgi,LULUCF Sink,LULUCF Sink,MMTCO2e,2018,-765.1
ghgi,LULUCF Sink,LULUCF Sink,MMTCO2e,2019,-704
ghgi,LULUCF Sink,LULUCF Sink,MMTCO2e,2020,-776.2
ghgi,LULUCF Sink,LULUCF Sink,MMTCO2e,2021,-754.2
ghgi,N2O,Agriculture,MMTCO2e,1990,369.02
ghgi,N2O,Agriculture,MMTCO2e,1991,363.22
ghgi,N2O,Agriculture,MMTCO2e,1992,363.42
ghgi,N2O,Agriculture,MMTCO2e,1993,378
ghgi,N2O,Agriculture,MMTCO2e,1994,385
ghgi,N2O,Agriculture,MMTCO2e,1995,381
ghgi,N2O,Agriculture,MMTCO2e,1996,390.59999999999997
ghgi,N2O,Agriculture,MMTCO2e,1997,380.6
ghgi,N2O,Agriculture,MMTCO2e,1998,377.8
ghgi,N2O,Agriculture,MMTCO2e,1999,388.78
ghgi,N2O,Agriculture,MMTCO2e,2000,374.78000000000003
ghgi,N2O,Agriculture,MMTCO2e,2001,379.98
ghgi,N2O,Agriculture,MMTCO2e,2002,384.18
ghgi,N2O,Agriculture,MMTCO2e,2003,386.18
ghgi,N2O,Agriculture,MMTCO2e,2004,384.98
ghgi,N2O,Agriculture,MMTCO2e,2005,381.58
ghgi,N2O,Agriculture,MMTCO2e,2006,380.58
ghgi,N2O,Agriculture,MMTCO2e,2007,392.78
ghgi,N2O,Agriculture,MMTCO2e,2008,386.18
ghgi,N2O,Agriculture,MMTCO2e,2009,377.78000000000003
ghgi,N2O,Agriculture,MMTCO2e,2010,381.78000000000003
ghgi,N2O,Agriculture,MMTCO2e,2011,394.58
ghgi,N2O,Agriculture,MMTCO2e,2012,389.58
ghgi,N2O,Agriculture,MMTCO2e,2013,406.98
ghgi,N2O,Agriculture,MMTCO2e,2014,408.78
ghgi,N2O,Agriculture,MMTCO2e,2015,396.98
ghgi,N2O,Agriculture,MMTCO2e,2016,385.96
ghgi,N2O,Agriculture,MMTCO2e,2017,406.56
ghgi,N2O,Agriculture,MMTCO2e,2018,414.56
ghgi,N2O,Agriculture,MMTCO2e,2019,399.15999999999997
ghgi,N2O,Agriculture,MMTCO2e,2020,396.56
ghgi,N2O,Agriculture,MMTCO2e,2021,383.56
ghgi,N2O,Energy,MMTCO2e,1990,46.059999999999995
ghgi,N2O,Energy,MMTCO2e,1991,44.88
ghgi,N2O,Energy,MMTCO2e,1992,45.28
ghgi,N2O,Energy,MMTCO2e,1993,46.68
ghgi,N2O,Energy,MMTCO2e,1994,47.68
ghgi,N2O,Energy,MMTCO2e,1995,48.1
ghgi,N2O,Energy,MMTCO2e,1996,49.1
ghgi,N2O,Energy,MMTCO2e,1997,50.1
ghgi,N2O,Energy,MMTCO2e,1998,50.9
ghgi,N2O,Energy,MMTCO2e,1999,50.699999999999996
ghgi,N2O,Energy,MMTCO2e,2000,53.300000000000004
ghgi,N2O,Energy,MMTCO2e,2001,53.1
ghgi,N2O,Energy,MMTCO2e,2002,54.9
ghgi,N2O,Energy,MMTCO2e,2003,57.1
ghgi,N2O,Energy,MMTCO2e,2004,59.5
ghgi,N2O,Energy,MMTCO2e,2005,61.699999999999996
ghgi,N2O,Energy,MMTCO2e,2006,61.5
ghgi,N2O,Energy,MMTCO2e,2007,62.1
ghgi,N2O,Energy,MMTCO2e,2008,61.1
ghgi,N2O,Energy,MMTCO2e,2009,57.1
ghgi,N2O,Energy,MMTCO2e,2010,61.5
ghgi,N2O,Energy,MMTCO2e,2011,59.14
ghgi,N2O,Energy,MMTCO2e,2012,54.52
ghgi,N2O,Energy,MMTCO2e,2013,58.56
ghgi,N2O,Energy,MMTCO2e,2014,59.18
ghgi,N2O,Energy,MMTCO2e,2015,54.78
ghgi,N2O,Energy,MMTCO2e,2016,53.919999999999995
ghgi,N2O,Energy,MMTCO2e,2017,50.940000000000005
ghgi,N2O,Energy,MMTCO2e,2018,50.580000000000005
ghgi,N2O,Energy,MMTCO2e,2019,44.620000000000005
ghgi,N2O,Energy,MMTCO2e,2020,41.76
ghgi,N2O,Energy,MMTCO2e,2021,44.9
ghgi,N2O,IPPU,MMTCO2e,1990,66.76
ghgi,N2O,IPPU,MMTCO2e,1991,65.56
ghgi,N2O,IPPU,MMTCO2e,1992,62.58
ghgi,N2O,IPPU,MMTCO2e,1993,65.58
ghgi,N2O,IPPU,MMTCO2e,1994,66.76
ghgi,N2O,IPPU,MMTCO2e,1995,74.11999999999999
ghgi,N2O,IPPU,MMTCO2e,1996,74.12
ghgi,N2O,IPPU,MMTCO2e,1997,61.6
ghgi,N2O,IPPU,MMTCO2e,1998,52.660000000000004
ghgi,N2O,IPPU,MMTCO2e,1999,50.88
ghgi,N2O,IPPU,MMTCO2e,2000,51.46
ghgi,N2O,IPPU,MMTCO2e,2001,43.72
ghgi,N2O,IPPU,MMTCO2e,2002,46.1
ghgi,N2O,IPPU,MMTCO2e,2003,45.5
ghgi,N2O,IPPU,MMTCO2e,2004,41.94
ghgi,N2O,IPPU,MMTCO2e,2005,49.660000000000004
ghgi,N2O,IPPU,MMTCO2e,2006,52.26
ghgi,N2O,IPPU,MMTCO2e,2007,59.4
ghgi,N2O,IPPU,MMTCO2e,2008,40.32
ghgi,N2O,IPPU,MMTCO2e,2009,37.16
ghgi,N2O,IPPU,MMTCO2e,2010,44.879999999999995
ghgi,N2O,IPPU,MMTCO2e,2011,55.82
ghgi,N2O,IPPU,MMTCO2e,2012,45.1
ghgi,N2O,IPPU,MMTCO2e,2013,42.12
ghgi,N2O,IPPU,MMTCO2e,2014,45.699999999999996
ghgi,N2O,IPPU,MMTCO2e,2015,43.9
ghgi,N2O,IPPU,MMTCO2e,2016,46.88
ghgi,N2O,IPPU,MMTCO2e,2017,45.1
ghgi,N2O,IPPU,MMTCO2e,2018,51.66
ghgi,N2O,IPPU,MMTCO2e,2019,42.7
ghgi,N2O,IPPU,MMTCO2e,2020,46.48
ghgi,N2O,IPPU,MMTCO2e,2021,44.699999999999996
ghgi,N2O,LULUCF,MMTCO2e,1990,9
ghgi,N2O,LULUCF,MMTCO2e,1991,8.6
ghgi,N2O,LULUCF,MMTCO2e,1992,6
ghgi,N2O,LULUCF,MMTCO2e,1993,6.6000000000000005
ghgi,N2O,LULUCF,MMTCO2e,1994,9.4
ghgi,N2O,LULUCF,MMTCO2e,1995,6.2
ghgi,N2O,LULUCF,MMTCO2e,1996,8.8
ghgi,N2O,LULUCF,MMTCO2e,1997,6.4
ghgi,N2O,LULUCF,MMTCO2e,1998,6.800000000000001
ghgi,N2O,LULUCF,MMTCO2e,1999,10.8
ghgi,N2O,LULUCF,MMTCO2e,2000,16.2
ghgi,N2O,LULUCF,MMTCO2e,2001,9.6
ghgi,N2O,LULUCF,MMTCO2e,2002,19.400000000000002
ghgi,N2O,LULUCF,MMTCO2e,2003,13.600000000000001
ghgi,N2O,LULUCF,MMTCO2e,2004,30
ghgi,N2O,LULUCF,MMTCO2e,2005,22.400000000000002
ghgi,N2O,LULUCF,MMTCO2e,2006,15.4
ghgi,N2O,LULUCF,MMTCO2e,2007,19
ghgi,N2O,LULUCF,MMTCO2e,2008,12.8
ghgi,N2O,LULUCF,MMTCO2e,2009,17.6
ghgi,N2O,LULUCF,MMTCO2e,2010,8.6
ghgi,N2O,LULUCF,MMTCO2e,2011,13.8
ghgi,N2O,LULUCF,MMTCO2e,2012,13.799999999999999
ghgi,N2O,LULUCF,MMTCO2e,2013,14.2
ghgi,N2O,LULUCF,MMTCO2e,2014,9.6
ghgi,N2O,LULUCF,MMTCO2e,2015,26.8
ghgi,N2O,LULUCF,MMTCO2e,2016,10
ghgi,N2O,LULUCF,MMTCO2e,2017,16.400000000000002
ghgi,N2O,LULUCF,MMTCO2e,2018,14.200000000000001
ghgi,N2O,LULUCF,MMTCO2e,2019,14.600000000000001
ghgi,N2O,LULUCF,MMTCO2e,2020,21.8
ghgi,N2O,LULUCF,MMTCO2e,2021,23.8
ghgi,N2O,Transportation,MMTCO2e,1990,76.8
ghgi,N2O,Transportation,MMTCO2e,1991,79.8
ghgi,N2O,Transportation,MMTCO2e,1992,84.6
ghgi,N2O,Transportation,MMTCO2e,1993,88.2
ghgi,N2O,Transportation,MMTCO2e,1994,92
ghgi,N2O,Transportation,MMTCO2e,1995,95.4
ghgi,N2O,Transportation,MMTCO2e,1996,98
ghgi,N2O,Transportation,MMTCO2e,1997,100.4
ghgi,N2O,Transportation,MMTCO2e,1998,101.8
ghgi,N2O,Transportation,MMTCO2e,1999,98
ghgi,N2O,Transportation,MMTCO2e,2000,96.6
ghgi,N2O,Transportation,MMTCO2e,2001,92.8
ghgi,N2O,Transportation,MMTCO2e,2002,89.8
ghgi,N2O,Transportation,MMTCO2e,2003,86.2
ghgi,N2O,Transportation,MMTCO2e,2004,82.2
ghgi,N2O,Transportation,MMTCO2e,2005,74
ghgi,N2O,Transportation,MMTCO2e,2006,74.6
ghgi,N2O,Transportation,MMTCO2e,2007,68.8
ghgi,N2O,Transportation,MMTCO2e,2008,63.6
ghgi,N2O,Transportation,MMTCO2e,2009,60.4
ghgi,N2O,Transportation,MMTCO2e,2010,58.4
ghgi,N2O,Transportation,MMTCO2e,2011,56.2
ghgi,N2O,Transportation,MMTCO2e,2012,52.2
ghgi,N2O,Transportation,MMTCO2e,2013,48.6
ghgi,N2O,Transportation,MMTCO2e,2014,44.8
ghgi,N2O,Transportation,MMTCO2e,2015,41.2
ghgi,N2O,Transportation,MMTCO2e,2016,39
ghgi,N2O,Transportation,MMTCO2e,2017,37
ghgi,N2O,Transportation,MMTCO2e,2018,35
ghgi,N2O,Transportation,MMTCO2e,2019,38
ghgi,N2O,Transportation,MMTCO2e,2020,32.2
ghgi,N2O,Transportation,MMTCO2e,2021,33.4
ghgi,N2O,Waste,MMTCO2e,1990,33.98
ghgi,N2O,Waste,MMTCO2e,1991,34.58
ghgi,N2O,Waste,MMTCO2e,1992,35.18
ghgi,N2O,Waste,MMTCO2e,1993,35.78
ghgi,N2O,Waste,MMTCO2e,1994,37.559999999999995
ghgi,N2O,Waste,MMTCO2e,1995,37.54
ghgi,N2O,Waste,MMTCO2e,1996,38.74
ghgi,N2O,Waste,MMTCO2e,1997,38.14
ghgi,N2O,Waste,MMTCO2e,1998,39.94
ghgi,N2O,Waste,MMTCO2e,1999,41.12
ghgi,N2O,Waste,MMTCO2e,2000,41.72
ghgi,N2O,Waste,MMTCO2e,2001,42.32
ghgi,N2O,Waste,MMTCO2e,2002,42.32
ghgi,N2O,Waste,MMTCO2e,2003,42.919999999999995
ghgi,N2O,Waste,MMTCO2e,2004,44.12
ghgi,N2O,Waste,MMTCO2e,2005,44.12
ghgi,N2O,Waste,MMTCO2e,2006,44.699999999999996
ghgi,N2O,Waste,MMTCO2e,2007,44.699999999999996
ghgi,N2O,Waste,MMTCO2e,2008,44.699999999999996
ghgi,N2O,Waste,MMTCO2e,2009,44.699999999999996
ghgi,N2O,Waste,MMTCO2e,2010,44.699999999999996
ghgi,N2O,Waste,MMTCO2e,2011,45.3
ghgi,N2O,Waste,MMTCO2e,2012,47.1
ghgi,N2O,Waste,MMTCO2e,2013,47.1
ghgi,N2O,Waste,MMTCO2e,2014,47.7
ghgi,N2O,Waste,MMTCO2e,2015,47.1
ghgi,N2O,Waste,MMTCO2e,2016,49.480000000000004
ghgi,N2O,Waste,MMTCO2e,2017,50.08
ghgi,N2O,Waste,MMTCO2e,2018,51.88
ghgi,N2O,Waste,MMTCO2e,2019,52.480000000000004
ghgi,N2O,Waste,MMTCO2e,2020,50.68
ghgi,N2O,Waste,MMTCO2e,2021,50.68
ghgi,PFCs,IPPU,MMTCO2e,1990,38.6
ghgi,PFCs,IPPU,MMTCO2e,1991,32.6
ghgi,PFCs,IPPU,MMTCO2e,1992,30
ghgi,PFCs,IPPU,MMTCO2e,1993,28.8
ghgi,PFCs,IPPU,MMTCO2e,1994,25.4
ghgi,PFCs,IPPU,MMTCO2e,1995,24.8
ghgi,PFCs,IPPU,MMTCO2e,1996,26
ghgi,PFCs,IPPU,MMTCO2e,1997,22.6
ghgi,PFCs,IPPU,MMTCO2e,1998,18
ghgi,PFCs,IPPU,MMTCO2e,1999,17.6
ghgi,PFCs,IPPU,MMTCO2e,2000,17.8
ghgi,PFCs,IPPU,MMTCO2e,2001,7.2
ghgi,PFCs,IPPU,MMTCO2e,2002,11
ghgi,PFCs,IPPU,MMTCO2e,2003,7.8
ghgi,PFCs,IPPU,MMTCO2e,2004,6
ghgi,PFCs,IPPU,MMTCO2e,2005,6.2
ghgi,PFCs,IPPU,MMTCO2e,2006,5.4
ghgi,PFCs,IPPU,MMTCO2e,2007,8.4
ghgi,PFCs,IPPU,MMTCO2e,2008,6
ghgi,PFCs,IPPU,MMTCO2e,2009,3.8
ghgi,PFCs,IPPU,MMTCO2e,2010,3.6
ghgi,PFCs,IPPU,MMTCO2e,2011,6.4
ghgi,PFCs,IPPU,MMTCO2e,2012,5.6
ghgi,PFCs,IPPU,MMTCO2e,2013,5.6
ghgi,PFCs,IPPU,MMTCO2e,2014,4.8
ghgi,PFCs,IPPU,MMTCO2e,2015,3.8
ghgi,PFCs,IPPU,MMTCO2e,2016,2.6
ghgi,PFCs,IPPU,MMTCO2e,2017,2
ghgi,PFCs,IPPU,MMTCO2e,2018,2.8
ghgi,PFCs,IPPU,MMTCO2e,2019,2.8
ghgi,PFCs,IPPU,MMTCO2e,2020,2.8
ghgi,PFCs,IPPU,MMTCO2e,2021,1.8
ghgi,SF6,IPPU,MMTCO2e,1990,60.2
ghgi,SF6,IPPU,MMTCO2e,1991,57.400000000000006
ghgi,SF6,IPPU,MMTCO2e,1992,58
ghgi,SF6,IPPU,MMTCO2e,1993,56.6
ghgi,SF6,IPPU,MMTCO2e,1994,53.6
ghgi,SF6,IPPU,MMTCO2e,1995,50.6
ghgi,SF6,IPPU,MMTCO2e,1996,49.2
ghgi,SF6,IPPU,MMTCO2e,1997,45.6
ghgi,SF6,IPPU,MMTCO2e,1998,39.4
ghgi,SF6,IPPU,MMTCO2e,1999,39
ghgi,SF6,IPPU,MMTCO2e,2000,34
ghgi,SF6,IPPU,MMTCO2e,2001,33.199999999999996
ghgi,SF6,IPPU,MMTCO2e,2002,31.8
ghgi,SF6,IPPU,MMTCO2e,2003,31.8
ghgi,SF6,IPPU,MMTCO2e,2004,30
ghgi,SF6,IPPU,MMTCO2e,2005,29.400000000000002
ghgi,SF6,IPPU,MMTCO2e,2006,27.8
ghgi,SF6,IPPU,MMTCO2e,2007,25.599999999999998
ghgi,SF6,IPPU,MMTCO2e,2008,24.2
ghgi,SF6,IPPU,MMTCO2e,2009,20.2
ghgi,SF6,IPPU,MMTCO2e,2010,18.2
ghgi,SF6,IPPU,MMTCO2e,2011,17.8
ghgi,SF6,IPPU,MMTCO2e,2012,15.2
ghgi,SF6,IPPU,MMTCO2e,2013,14.4
ghgi,SF6,IPPU,MMTCO2e,2014,14.2
ghgi,SF6,IPPU,MMTCO2e,2015,12.6
ghgi,SF6,IPPU,MMTCO2e,2016,13.6
ghgi,SF6,IPPU,MMTCO2e,2017,13
ghgi,SF6,IPPU,MMTCO2e,2018,12.600000000000001
ghgi,SF6,IPPU,MMTCO2e,2019,14
ghgi,SF6,IPPU,MMTCO2e,2020,13.600000000000001
ghgi,SF6,IPPU,MMTCO2e,2021,14.2
test1,CH4,Agriculture,MMTCO2e,2022,249.54
test1,CH4,Agriculture,MMTCO2e,2023,245.61
test1,CH4,Agriculture,MMTCO2e,2024,242.42000000000002
test1,CH4,Agriculture,MMTCO2e,2025,245.32
test1,CH4,Agriculture,MMTCO2e,2026,249.41
test1,CH4,Agriculture,MMTCO2e,2027,254.19
test1,CH4,Agriculture,MMTCO2e,2028,258.32
test1,CH4,Agriculture,MMTCO2e,2029,260.92
test1,CH4,Agriculture,MMTCO2e,2030,262.64
test1,CH4,Agriculture,MMTCO2e,2031,263.58
test1,CH4,Agriculture,MMTCO2e,2032,263.79
test1,CH4,Agriculture,MMTCO2e,2033,263.71999999999997
test1,CH4,Agriculture,MMTCO2e,2034,265.42
test1,CH4,Agriculture,MMTCO2e,2035,267.08
test1,CH4,Agriculture,MMTCO2e,2036,268.77
test1,CH4,Agriculture,MMTCO2e,2037,270.44
test1,CH4,Agriculture,MMTCO2e,2038,272.11
test1,CH4,Agriculture,MMTCO2e,2039,273.78999999999996
test1,CH4,Agriculture,MMTCO2e,2040,275.47999999999996
test1,CH4,Agriculture,MMTCO2e,2041,277.15
test1,CH4,Agriculture,MMTCO2e,2042,278.82
test1,CH4,Agriculture,MMTCO2e,2043,280.52
test1,CH4,Agriculture,MMTCO2e,2044,282.2
test1,CH4,Agriculture,MMTCO2e,2045,283.89
test1,CH4,Agriculture,MMTCO2e,2046,285.57
test1,CH4,Agriculture,MMTCO2e,2047,287.25
test1,CH4,Agriculture,MMTCO2e,2048,288.94
test1,CH4,Agriculture,MMTCO2e,2049,290.62
test1,CH4,Agriculture,MMTCO2e,2050,292.3
test1,CH4,Energy,MMTCO2e,2022,240.95
test1,CH4,Energy,MMTCO2e,2023,241.98000000000002
test1,CH4,Energy,MMTCO2e,2024,249.22
test1,CH4,Energy,MMTCO2e,2025,250.58
test1,CH4,Energy,MMTCO2e,2026,250.15
test1,CH4,Energy,MMTCO2e,2027,247.63
test1,CH4,Energy,MMTCO2e,2028,244.24
test1,CH4,Energy,MMTCO2e,2029,238.86
test1,CH4,Energy,MMTCO2e,2030,237.99
test1,CH4,Energy,MMTCO2e,2031,238.38
test1,CH4,Energy,MMTCO2e,2032,239.42
test1,CH4,Energy,MMTCO2e,2033,239.73000000000002
test1,CH4,Energy,MMTCO2e,2034,239.52
test1,CH4,Energy,MMTCO2e,2035,239.3
test1,CH4,Energy,MMTCO2e,2036,238.81
test1,CH4,Energy,MMTCO2e,2037,239.51
test1,CH4,Energy,MMTCO2e,2038,240.71
test1,CH4,Energy,MMTCO2e,2039,241.16
test1,CH4,Energy,MMTCO2e,2040,241.82999999999998
test1,CH4,Energy,MMTCO2e,2041,242.22
test1,CH4,Energy,MMTCO2e,2042,243.45
test1,CH4,Energy,MMTCO2e,2043,245.04
test1,CH4,Energy,MMTCO2e,2044,246.34
test1,CH4,Energy,MMTCO2e,2045,247.13
test1,CH4,Energy,MMTCO2e,2046,248.39
test1,CH4,Energy,MMTCO2e,2047,249.78
test1,CH4,Energy,MMTCO2e,2048,250.57
test1,CH4,Energy,MMTCO2e,2049,251.83
test1,CH4,Energy,MMTCO2e,2050,252.43
test1,CH4,IPPU,MMTCO2e,2022,0.42
test1,CH4,IPPU,MMTCO2e,2023,0.45
test1,CH4,IPPU,MMTCO2e,2024,0.49
test1,CH4,IPPU,MMTCO2e,2025,0.52
test1,CH4,IPPU,MMTCO2e,2026,0.56
test1,CH4,IPPU,MMTCO2e,2027,0.59
test1,CH4,IPPU,MMTCO2e,2028,0.62
test1,CH4,IPPU,MMTCO2e,2029,0.66
test1,CH4,IPPU,MMTCO2e,2030,0.6900000000000001
test1,CH4,IPPU,MMTCO2e,2031,0.72
test1,CH4,IPPU,MMTCO2e,2032,0.76
test1,CH4,IPPU,MMTCO2e,2033,0.79
test1,CH4,IPPU,MMTCO2e,2034,0.8200000000000001
test1,CH4,IPPU,MMTCO2e,2035,0.86
test1,CH4,IPPU,MMTCO2e,2036,0.89
test1,CH4,IPPU,MMTCO2e,2037,0.93
test1,CH4,IPPU,MMTCO2e,2038,0.96
test1,CH4,IPPU,MMTCO2e,2039,0.99
test1,CH4,IPPU,MMTCO2e,2040,1.03
test1,CH4,IPPU,MMTCO2e,2041,1.06
test1,CH4,IPPU,MMTCO2e,2042,1.09
test1,CH4,IPPU,MMTCO2e,2043,1.1300000000000001
test1,CH4,IPPU,MMTCO2e,2044,1.16
test1,CH4,IPPU,MMTCO2e,2045,1.19
test1,CH4,IPPU,MMTCO2e,2046,1.23
test1,CH4,IPPU,MMTCO2e,2047,1.26
test1,CH4,IPPU,MMTCO2e,2048,1.3
test1,CH4,IPPU,MMTCO2e,2049,1.33
test1,CH4,IPPU,MMTCO2e,2050,1.36
test1,CH4,LULUCF,MMTCO2e,2022,12.52
test1,CH4,LULUCF,MMTCO2e,2023,13.99
test1,CH4,LULUCF,MMTCO2e,2024,29.29
test1,CH4,LULUCF,MMTCO2e,2025,11.35
test1,CH4,LULUCF,MMTCO2e,2026,21.54
test1,CH4,LULUCF,MMTCO2e,2027,10.37
test1,CH4,LULUCF,MMTCO2e,2028,14.489999999999998
test1,CH4,LULUCF,MMTCO2e,2029,13.979999999999999
test1,CH4,LULUCF,MMTCO2e,2030,11.16
test1,CH4,LULUCF,MMTCO2e,2031,12.780000000000001
test1,CH4,LULUCF,MMTCO2e,2032,10.31
test1,CH4,LULUCF,MMTCO2e,2033,13.86
test1,CH4,LULUCF,MMTCO2e,2034,16.759999999999998
test1,CH4,LULUCF,MMTCO2e,2035,12.35
test1,CH4,LULUCF,MMTCO2e,2036,14.6
test1,CH4,LULUCF,MMTCO2e,2037,13.95
test1,CH4,LULUCF,MMTCO2e,2038,23.290000000000003
test1,CH4,LULUCF,MMTCO2e,2039,14.159999999999998
test1,CH4,LULUCF,MMTCO2e,2040,19.33
test1,CH4,LULUCF,MMTCO2e,2041,19.32
test1,CH4,LULUCF,MMTCO2e,2042,19.31
test1,CH4,LULUCF,MMTCO2e,2043,19.3
test1,CH4,LULUCF,MMTCO2e,2044,19.3
test1,CH4,LULUCF,MMTCO2e,2045,19.29
test1,CH4,LULUCF,MMTCO2e,2046,19.28
test1,CH4,LULUCF,MMTCO2e,2047,19.27
test1,CH4,LULUCF,MMTCO2e,2048,19.26
test1,CH4,LULUCF,MMTCO2e,2049,19.26
test1,CH4,LULUCF,MMTCO2e,2050,19.25
test1,CH4,Transportation,MMTCO2e,2022,2.17
test1,CH4,Transportation,MMTCO2e,2023,2.17
test1,CH4,Transportation,MMTCO2e,2024,2.18
test1,CH4,Transportation,MMTCO2e,2025,2.18
test1,CH4,Transportation,MMTCO2e,2026,2.19
test1,CH4,Transportation,MMTCO2e,2027,2.2
test1,CH4,Transportation,MMTCO2e,2028,2.2
test1,CH4,Transportation,MMTCO2e,2029,2.21
test1,CH4,Transportation,MMTCO2e,2030,2.22
test1,CH4,Transportation,MMTCO2e,2031,2.23
test1,CH4,Transportation,MMTCO2e,2032,2.25
test1,CH4,Transportation,MMTCO2e,2033,2.26
test1,CH4,Transportation,MMTCO2e,2034,2.27
test1,CH4,Transportation,MMTCO2e,2035,2.29
test1,CH4,Transportation,MMTCO2e,2036,2.31
test1,CH4,Transportation,MMTCO2e,2037,2.33
test1,CH4,Transportation,MMTCO2e,2038,2.35
test1,CH4,Transportation,MMTCO2e,2039,2.37
test1,CH4,Transportation,MMTCO2e,2040,2.39
test1,CH4,Transportation,MMTCO2e,2041,2.41
test1,CH4,Transportation,MMTCO2e,2042,2.43
test1,CH4,Transportation,MMTCO2e,2043,2.45
test1,CH4,Transportation,MMTCO2e,2044,2.48
test1,CH4,Transportation,MMTCO2e,2045,2.5
test1,CH4,Transportation,MMTCO2e,2046,2.53
test1,CH4,Transportation,MMTCO2e,2047,2.55
test1,CH4,Transportation,MMTCO2e,2048,2.58
test1,CH4,Transportation,MMTCO2e,2049,2.61
test1,CH4,Transportation,MMTCO2e,2050,2.63
test1,CH4,Waste,MMTCO2e,2022,135.18
test1,CH4,Waste,MMTCO2e,2023,135.57
test1,CH4,Waste,MMTCO2e,2024,135.97
test1,CH4,Waste,MMTCO2e,2025,136.32
test1,CH4,Waste,MMTCO2e,2026,136.79
test1,CH4,Waste,MMTCO2e,2027,137.26
test1,CH4,Waste,MMTCO2e,2028,131.03
test1,CH4,Waste,MMTCO2e,2029,131.52
test1,CH4,Waste,MMTCO2e,2030,131.99
test1,CH4,Waste,MMTCO2e,2031,132.51
test1,CH4,Waste,MMTCO2e,2032,133.02
test1,CH4,Waste,MMTCO2e,2033,133.48999999999998
test1,CH4,Waste,MMTCO2e,2034,133.98
test1,CH4,Waste,MMTCO2e,2035,134.47
test1,CH4,Waste,MMTCO2e,2036,135
test1,CH4,Waste,MMTCO2e,2037,135.53
test1,CH4,Waste,MMTCO2e,2038,136.09
test1,CH4,Waste,MMTCO2e,2039,136.65
test1,CH4,Waste,MMTCO2e,2040,137.2
test1,CH4,Waste,MMTCO2e,2041,137.32
test1,CH4,Waste,MMTCO2e,2042,137.43
test1,CH4,Waste,MMTCO2e,2043,137.58
test1,CH4,Waste,MMTCO2e,2044,137.66
test1,CH4,Waste,MMTCO2e,2045,137.74
test1,CH4,Waste,MMTCO2e,2046,137.88
test1,CH4,Waste,MMTCO2e,2047,137.97
test1,CH4,Waste,MMTCO2e,2048,138.06
test1,CH4,Waste,MMTCO2e,2049,138.18
test1,CH4,Waste,MMTCO2e,2050,138.36
test1,CO2,Agriculture,MMTCO2e,2022,8.33
test1,CO2,Agriculture,MMTCO2e,2023,8.37
test1,CO2,Agriculture,MMTCO2e,2024,8.41
test1,CO2,Agriculture,MMTCO2e,2025,8.45
test1,CO2,Agriculture,MMTCO2e,2026,8.49
test1,CO2,Agriculture,MMTCO2e,2027,8.53
test1,CO2,Agriculture,MMTCO2e,2028,8.58
test1,CO2,Agriculture,MMTCO2e,2029,8.620000000000001
test1,CO2,Agriculture,MMTCO2e,2030,8.67
test1,CO2,Agriculture,MMTCO2e,2031,8.72
test1,CO2,Agriculture,MMTCO2e,2032,8.77
test1,CO2,Agriculture,MMTCO2e,2033,8.81
test1,CO2,Agriculture,MMTCO2e,2034,8.87
test1,CO2,Agriculture,MMTCO2e,2035,8.93
test1,CO2,Agriculture,MMTCO2e,2036,8.98
test1,CO2,Agriculture,MMTCO2e,2037,9.04
test1,CO2,Agriculture,MMTCO2e,2038,9.1
test1,CO2,Agriculture,MMTCO2e,2039,9.15
test1,CO2,Agriculture,MMTCO2e,2040,9.21
test1,CO2,Agriculture,MMTCO2e,2041,9.28
test1,CO2,Agriculture,MMTCO2e,2042,9.33
test1,CO2,Agriculture,MMTCO2e,2043,9.4
test1,CO2,Agriculture,MMTCO2e,2044,9.46
test1,CO2,Agriculture,MMTCO2e,2045,9.52
test1,CO2,Agriculture,MMTCO2e,2046,9.59
test1,CO2,Agriculture,MMTCO2e,2047,9.66
test1,CO2,Agriculture,MMTCO2e,2048,9.72
test1,CO2,Agriculture,MMTCO2e,2049,9.8
test1,CO2,Agriculture,MMTCO2e,2050,9.87
test1,CO2,Energy,MMTCO2e,2022,560.58
test1,CO2,Energy,MMTCO2e,2023,566.9499999999999
test1,CO2,Energy,MMTCO2e,2024,564.89
test1,CO2,Energy,MMTCO2e,2025,571.78
test1,CO2,Energy,MMTCO2e,2026,576.74
test1,CO2,Energy,MMTCO2e,2027,579.88
test1,CO2,Energy,MMTCO2e,2028,582.64
test1,CO2,Energy,MMTCO2e,2029,584.66
test1,CO2,Energy,MMTCO2e,2030,586.58
test1,CO2,Energy,MMTCO2e,2031,588.62
test1,CO2,Energy,MMTCO2e,2032,590.66
test1,CO2,Energy,MMTCO2e,2033,592.45
test1,CO2,Energy,MMTCO2e,2034,594.84
test1,CO2,Energy,MMTCO2e,2035,596.0500000000001
test1,CO2,Energy,MMTCO2e,2036,596.62
test1,CO2,Energy,MMTCO2e,2037,598.14
test1,CO2,Energy,MMTCO2e,2038,599.3
test1,CO2,Energy,MMTCO2e,2039,600.5600000000001
test1,CO2,Energy,MMTCO2e,2040,602.59
test1,CO2,Energy,MMTCO2e,2041,604.0699999999999
test1,CO2,Energy,MMTCO2e,2042,606.12
test1,CO2,Energy,MMTCO2e,2043,608.6800000000001
test1,CO2,Energy,MMTCO2e,2044,610.3399999999999
test1,CO2,Energy,MMTCO2e,2045,611.16
test1,CO2,Energy,MMTCO2e,2046,612.3100000000001
test1,CO2,Energy,MMTCO2e,2047,614.85
test1,CO2,Energy,MMTCO2e,2048,616.34
test1,CO2,Energy,MMTCO2e,2049,617.8
test1,CO2,Energy,MMTCO2e,2050,619.41
test1,CO2,Energy,Mt CO2/yr,2022,3061.366913
test1,CO2,Energy,Mt CO2/yr,2023,3001.611908
test1,CO2,Energy,Mt CO2/yr,2024,2834.917328
test1,CO2,Energy,Mt CO2/yr,2025,2698.59732
test1,CO2,Energy,Mt CO2/yr,2026,2599.287903
test1,CO2,Energy,Mt CO2/yr,2027,2496.710663
test1,CO2,Energy,Mt CO2/yr,2028,2375.925842
test1,CO2,Energy,Mt CO2/yr,2029,2241.975341
test1,CO2,Energy,Mt CO2/yr,2030,2159.744613
test1,CO2,Energy,Mt CO2/yr,2031,2119.342301
test1,CO2,Energy,Mt CO2/yr,2032,2101.103775
test1,CO2,Energy,Mt CO2/yr,2033,2008.5346989999998
test1,CO2,Energy,Mt CO2/yr,2034,1952.436089
test1,CO2,Energy,Mt CO2/yr,2035,1905.615791
test1,CO2,Energy,Mt CO2/yr,2036,1896.977302
test1,CO2,Energy,Mt CO2/yr,2037,1902.3481210000002
test1,CO2,Energy,Mt CO2/yr,2038,1884.9663
test1,CO2,Energy,Mt CO2/yr,2039,2082.778703
test1,CO2,Energy,Mt CO2/yr,2040,2062.80191
test1,CO2,Energy,Mt CO2/yr,2041,2040.048796
test1,CO2,Energy,Mt CO2/yr,2042,2028.791259
test1,CO2,Energy,Mt CO2/yr,2043,2028.363495
test1,CO2,Energy,Mt CO2/yr,2044,2030.3355110000002
test1,CO2,Energy,Mt CO2/yr,2045,2032.0178999999998
test1,CO2,Energy,Mt CO2/yr,2046,2031.78685
test1,CO2,Energy,Mt CO2/yr,2047,2032.4888460000002
test1,CO2,Energy,Mt CO2/yr,2048,2044.474611
test1,CO2,Energy,Mt CO2/yr,2049,2047.9523929999998
test1,CO2,Energy,Mt CO2/yr,2050,2068.353944
test1,CO2,IPPU,MMTCO2e,2022,175.31
test1,CO2,IPPU,MMTCO2e,2023,171.8
test1,CO2,IPPU,MMTCO2e,2024,172.58
test1,CO2,IPPU,MMTCO2e,2025,173.89
test1,CO2,IPPU,MMTCO2e,2026,175.55
test1,CO2,IPPU,MMTCO2e,2027,176.26
test1,CO2,IPPU,MMTCO2e,2028,176.46
test1,CO2,IPPU,MMTCO2e,2029,176.74
test1,CO2,IPPU,MMTCO2e,2030,176.91
test1,CO2,IPPU,MMTCO2e,2031,177.74
test1,CO2,IPPU,MMTCO2e,2032,178.84
test1,CO2,IPPU,MMTCO2e,2033,179.33
test1,CO2,IPPU,MMTCO2e,2034,179.78
test1,CO2,IPPU,MMTCO2e,2035,180.87
test1,CO2,IPPU,MMTCO2e,2036,181.91
test1,CO2,IPPU,MMTCO2e,2037,183.10999999999999
test1,CO2,IPPU,MMTCO2e,2038,184.03
test1,CO2,IPPU,MMTCO2e,2039,184.77
test1,CO2,IPPU,MMTCO2e,2040,185.8
test1,CO2,IPPU,MMTCO2e,2041,187.16
test1,CO2,IPPU,MMTCO2e,2042,188.48000000000002
test1,CO2,IPPU,MMTCO2e,2043,189.39
test1,CO2,IPPU,MMTCO2e,2044,190.53
test1,CO2,IPPU,MMTCO2e,2045,191.62
test1,CO2,IPPU,MMTCO2e,2046,192.60000000000002
test1,CO2,IPPU,MMTCO2e,2047,193.75
test1,CO2,IPPU,MMTCO2e,2048,194.58
test1,CO2,IPPU,MMTCO2e,2049,195.53
test1,CO2,IPPU,MMTCO2e,2050,196.75
test1,CO2,Transportation,Mt CO2/yr,2022,1801.390039
test1,CO2,Transportation,Mt CO2/yr,2023,1812.161062
test1,CO2,Transportation,Mt CO2/yr,2024,1798.304917
test1,CO2,Transportation,Mt CO2/yr,2025,1785.6247990000002
test1,CO2,Transportation,Mt CO2/yr,2026,1758.597805
test1,CO2,Transportation,Mt CO2/yr,2027,1723.281185
test1,CO2,Transportation,Mt CO2/yr,2028,1687.355196
test1,CO2,Transportation,Mt CO2/yr,2029,1647.244915
test1,CO2,Transportation,Mt CO2/yr,2030,1606.871304
test1,CO2,Transportation,Mt CO2/yr,2031,1565.285904
test1,CO2,Transportation,Mt CO2/yr,2032,1523.597858
test1,CO2,Transportation,Mt CO2/yr,2033,1491.660412
test1,CO2,Transportation,Mt CO2/yr,2034,1459.171638
test1,CO2,Transportation,Mt CO2/yr,2035,1430.762993
test1,CO2,Transportation,Mt CO2/yr,2036,1405.253136
test1,CO2,Transportation,Mt CO2/yr,2037,1383.689991
test1,CO2,Transportation,Mt CO2/yr,2038,1365.013222
test1,CO2,Transportation,Mt CO2/yr,2039,1352.058846
test1,CO2,Transportation,Mt CO2/yr,2040,1338.553146
test1,CO2,Transportation,Mt CO2/yr,2041,1326.346221
test1,CO2,Transportation,Mt CO2/yr,2042,1316.983375
test1,CO2,Transportation,Mt CO2/yr,2043,1310.014138
test1,CO2,Transportation,Mt CO2/yr,2044,1304.034111
test1,CO2,Transportation,Mt CO2/yr,2045,1300.0718610000001
test1,CO2,Transportation,Mt CO2/yr,2046,1299.667534
test1,CO2,Transportation,Mt CO2/yr,2047,1299.512764
test1,CO2,Transportation,Mt CO2/yr,2048,1299.994346
test1,CO2,Transportation,Mt CO2/yr,2049,1300.944916
test1,CO2,Transportation,Mt CO2/yr,2050,1307.296836
test1,F-gas,IPPU,MMTCO2e,2022,4.17
test1,F-gas,IPPU,MMTCO2e,2023,4.18
test1,F-gas,IPPU,MMTCO2e,2024,4.2
test1,F-gas,IPPU,MMTCO2e,2025,4.23
test1,F-gas,IPPU,MMTCO2e,2026,4.27
test1,F-gas,IPPU,MMTCO2e,2027,4.32
test1,F-gas,IPPU,MMTCO2e,2028,4.37
test1,F-gas,IPPU,MMTCO2e,2029,4.43
test1,F-gas,IPPU,MMTCO2e,2030,4.49
test1,F-gas,IPPU,MMTCO2e,2031,4.56
test1,F-gas,IPPU,MMTCO2e,2032,4.63
test1,F-gas,IPPU,MMTCO2e,2033,4.71
test1,F-gas,IPPU,MMTCO2e,2034,4.8
test1,F-gas,IPPU,MMTCO2e,2035,4.88
test1,F-gas,IPPU,MMTCO2e,2036,4.97
test1,F-gas,IPPU,MMTCO2e,2037,5.07
test1,F-gas,IPPU,MMTCO2e,2038,5.17
test1,F-gas,IPPU,MMTCO2e,2039,5.27
test1,F-gas,IPPU,MMTCO2e,2040,5.37
test1,F-gas,IPPU,MMTCO2e,2041,5.48
test1,F-gas,IPPU,MMTCO2e,2042,5.59
test1,F-gas,IPPU,MMTCO2e,2043,5.7
test1,F-gas,IPPU,MMTCO2e,2044,5.81
test1,F-gas,IPPU,MMTCO2e,2045,5.92
test1,F-gas,IPPU,MMTCO2e,2046,6.04
test1,F-gas,IPPU,MMTCO2e,2047,6.16
test1,F-gas,IPPU,MMTCO2e,2048,6.28
test1,F-gas,IPPU,MMTCO2e,2049,6.4
test1,F-gas,IPPU,MMTCO2e,2050,6.52
test1,HFCs,IPPU,MMTCO2e,2022,204.73999999999998
test1,HFCs,IPPU,MMTCO2e,2023,205.51
test1,HFCs,IPPU,MMTCO2e,2024,161.26
test1,HFCs,IPPU,MMTCO2e,2025,159.54
test1,HFCs,IPPU,MMTCO2e,2026,159.07999999999998
test1,HFCs,IPPU,MMTCO2e,2027,157.1
test1,HFCs,IPPU,MMTCO2e,2028,153.48
test1,HFCs,IPPU,MMTCO2e,2029,170.98
test1,HFCs,IPPU,MMTCO2e,2030,164.36999999999998
test1,HFCs,IPPU,MMTCO2e,2031,158.08999999999997
test1,HFCs,IPPU,MMTCO2e,2032,151.78
test1,HFCs,IPPU,MMTCO2e,2033,145.23999999999998
test1,HFCs,IPPU,MMTCO2e,2034,137.69
test1,HFCs,IPPU,MMTCO2e,2035,131.64999999999998
test1,HFCs,IPPU,MMTCO2e,2036,112.04
test1,HFCs,IPPU,MMTCO2e,2037,108.52
test1,HFCs,IPPU,MMTCO2e,2038,104.44
test1,HFCs,IPPU,MMTCO2e,2039,100.36
test1,HFCs,IPPU,MMTCO2e,2040,96.29
test1,HFCs,IPPU,MMTCO2e,2041,92.38000000000001
test1,HFCs,IPPU,MMTCO2e,2042,89.07000000000001
test1,HFCs,IPPU,MMTCO2e,2043,86.49000000000001
test1,HFCs,IPPU,MMTCO2e,2044,84.62
test1,HFCs,IPPU,MMTCO2e,2045,83.51
test1,HFCs,IPPU,MMTCO2e,2046,83.27
test1,HFCs,IPPU,MMTCO2e,2047,83.16
test1,HFCs,IPPU,MMTCO2e,2048,83.2
test1,HFCs,IPPU,MMTCO2e,2049,83.4
test1,HFCs,IPPU,MMTCO2e,2050,83.84
test1,LULUCF Sink,LULUCF Sink,MMT CO2e,2030,-1041.8755864526959
test1,LULUCF Sink,LULUCF Sink,MMT CO2e,2035,-1166.566857905392
test1,LULUCF Sink,LULUCF Sink,MMT CO2e,2040,-1261.1472212697272
test1,LULUCF Sink,LULUCF Sink,MMT CO2e,2045,-1318.0142513007293
test1,LULUCF Sink,LULUCF Sink,MMT CO2e,2050,-1352.8343715698268
test1,N2O,Agriculture,MMTCO2e,2022,116.84
test1,N2O,Agriculture,MMTCO2e,2023,116.06
test1,N2O,Agriculture,MMTCO2e,2024,115.46000000000001
test1,N2O,Agriculture,MMTCO2e,2025,115.92
test1,N2O,Agriculture,MMTCO2e,2026,116.64999999999999
test1,N2O,Agriculture,MMTCO2e,2027,117.46000000000001
test1,N2O,Agriculture,MMTCO2e,2028,118.17
test1,N2O,Agriculture,MMTCO2e,2029,118.58
test1,N2O,Agriculture,MMTCO2e,2030,118.81
test1,N2O,Agriculture,MMTCO2e,2031,118.91
test1,N2O,Agriculture,MMTCO2e,2032,118.95
test1,N2O,Agriculture,MMTCO2e,2033,118.92
test1,N2O,Agriculture,MMTCO2e,2034,119.19
test1,N2O,Agriculture,MMTCO2e,2035,119.48
test1,N2O,Agriculture,MMTCO2e,2036,119.76
test1,N2O,Agriculture,MMTCO2e,2037,120.07
test1,N2O,Agriculture,MMTCO2e,2038,120.35000000000001
test1,N2O,Agriculture,MMTCO2e,2039,120.63
test1,N2O,Agriculture,MMTCO2e,2040,120.92
test1,N2O,Agriculture,MMTCO2e,2041,121.21
test1,N2O,Agriculture,MMTCO2e,2042,121.51
test1,N2O,Agriculture,MMTCO2e,2043,121.78
test1,N2O,Agriculture,MMTCO2e,2044,122.1
test1,N2O,Agriculture,MMTCO2e,2045,122.38
test1,N2O,Agriculture,MMTCO2e,2046,122.68
test1,N2O,Agriculture,MMTCO2e,2047,122.96000000000001
test1,N2O,Agriculture,MMTCO2e,2048,123.25
test1,N2O,Agriculture,MMTCO2e,2049,123.55
test1,N2O,Agriculture,MMTCO2e,2050,123.83
test1,N2O,Energy,MMTCO2e,2022,17.3
test1,N2O,Energy,MMTCO2e,2023,16.49
test1,N2O,Energy,MMTCO2e,2024,17.09
test1,N2O,Energy,MMTCO2e,2025,15.999999999999998
test1,N2O,Energy,MMTCO2e,2026,14.26
test1,N2O,Energy,MMTCO2e,2027,12.65
test1,N2O,Energy,MMTCO2e,2028,11.12
test1,N2O,Energy,MMTCO2e,2029,12.48
test1,N2O,Energy,MMTCO2e,2030,11.66
test1,N2O,Energy,MMTCO2e,2031,11.48
test1,N2O,Energy,MMTCO2e,2032,11.45
test1,N2O,Energy,MMTCO2e,2033,11.549999999999999
test1,N2O,Energy,MMTCO2e,2034,11.34
test1,N2O,Energy,MMTCO2e,2035,11.25
test1,N2O,Energy,MMTCO2e,2036,11.13
test1,N2O,Energy,MMTCO2e,2037,11.16
test1,N2O,Energy,MMTCO2e,2038,10.95
test1,N2O,Energy,MMTCO2e,2039,10.88
test1,N2O,Energy,MMTCO2e,2040,10.79
test1,N2O,Energy,MMTCO2e,2041,10.809999999999999
test1,N2O,Energy,MMTCO2e,2042,10.86
test1,N2O,Energy,MMTCO2e,2043,10.729999999999999
test1,N2O,Energy,MMTCO2e,2044,10.66
test1,N2O,Energy,MMTCO2e,2045,10.629999999999999
test1,N2O,Energy,MMTCO2e,2046,10.48
test1,N2O,Energy,MMTCO2e,2047,10.45
test1,N2O,Energy,MMTCO2e,2048,10.219999999999999
test1,N2O,Energy,MMTCO2e,2049,10.14
test1,N2O,Energy,MMTCO2e,2050,9.98
test1,N2O,IPPU,MMTCO2e,2022,21.9
test1,N2O,IPPU,MMTCO2e,2023,21.83
test1,N2O,IPPU,MMTCO2e,2024,21.72
test1,N2O,IPPU,MMTCO2e,2025,21.6
test1,N2O,IPPU,MMTCO2e,2026,21.5
test1,N2O,IPPU,MMTCO2e,2027,21.41
test1,N2O,IPPU,MMTCO2e,2028,21.35
test1,N2O,IPPU,MMTCO2e,2029,21.3
test1,N2O,IPPU,MMTCO2e,2030,21.28
test1,N2O,IPPU,MMTCO2e,2031,21.23
test1,N2O,IPPU,MMTCO2e,2032,21.19
test1,N2O,IPPU,MMTCO2e,2033,21.13
test1,N2O,IPPU,MMTCO2e,2034,21.06
test1,N2O,IPPU,MMTCO2e,2035,20.97
test1,N2O,IPPU,MMTCO2e,2036,20.9
test1,N2O,IPPU,MMTCO2e,2037,20.82
test1,N2O,IPPU,MMTCO2e,2038,20.76
test1,N2O,IPPU,MMTCO2e,2039,20.71
test1,N2O,IPPU,MMTCO2e,2040,20.65
test1,N2O,IPPU,MMTCO2e,2041,20.56
test1,N2O,IPPU,MMTCO2e,2042,20.45
test1,N2O,IPPU,MMTCO2e,2043,20.3
test1,N2O,IPPU,MMTCO2e,2044,20.13
test1,N2O,IPPU,MMTCO2e,2045,19.919999999999998
test1,N2O,IPPU,MMTCO2e,2046,19.73
test1,N2O,IPPU,MMTCO2e,2047,19.54
test1,N2O,IPPU,MMTCO2e,2048,19.36
test1,N2O,IPPU,MMTCO2e,2049,19.18
test1,N2O,IPPU,MMTCO2e,2050,19
test1,N2O,LULUCF,MMTCO2e,2022,8.92
test1,N2O,LULUCF,MMTCO2e,2023,9.91
test1,N2O,LULUCF,MMTCO2e,2024,20.02
test1,N2O,LULUCF,MMTCO2e,2025,8.2
test1,N2O,LULUCF,MMTCO2e,2026,14.94
test1,N2O,LULUCF,MMTCO2e,2027,7.59
test1,N2O,LULUCF,MMTCO2e,2028,10.32
test1,N2O,LULUCF,MMTCO2e,2029,10.01
test1,N2O,LULUCF,MMTCO2e,2030,8.16
test1,N2O,LULUCF,MMTCO2e,2031,9.25
test1,N2O,LULUCF,MMTCO2e,2032,7.63
test1,N2O,LULUCF,MMTCO2e,2033,9.99
test1,N2O,LULUCF,MMTCO2e,2034,11.92
test1,N2O,LULUCF,MMTCO2e,2035,9.03
test1,N2O,LULUCF,MMTCO2e,2036,10.540000000000001
test1,N2O,LULUCF,MMTCO2e,2037,10.12
test1,N2O,LULUCF,MMTCO2e,2038,16.29
test1,N2O,LULUCF,MMTCO2e,2039,10.299999999999999
test1,N2O,LULUCF,MMTCO2e,2040,13.71
test1,N2O,LULUCF,MMTCO2e,2041,13.73
test1,N2O,LULUCF,MMTCO2e,2042,13.73
test1,N2O,LULUCF,MMTCO2e,2043,13.74
test1,N2O,LULUCF,MMTCO2e,2044,13.76
test1,N2O,LULUCF,MMTCO2e,2045,13.77
test1,N2O,LULUCF,MMTCO2e,2046,13.79
test1,N2O,LULUCF,MMTCO2e,2047,13.790000000000001
test1,N2O,LULUCF,MMTCO2e,2048,13.8
test1,N2O,LULUCF,MMTCO2e,2049,13.82
test1,N2O,LULUCF,MMTCO2e,2050,13.83
test1,N2O,Transportation,MMTCO2e,2022,15.88
test1,N2O,Transportation,MMTCO2e,2023,15.55
test1,N2O,Transportation,MMTCO2e,2024,15.23
test1,N2O,Transportation,MMTCO2e,2025,14.91
test1,N2O,Transportation,MMTCO2e,2026,14.76
test1,N2O,Transportation,MMTCO2e,2027,14.61
test1,N2O,Transportation,MMTCO2e,2028,14.46
test1,N2O,Transportation,MMTCO2e,2029,14.31
test1,N2O,Transportation,MMTCO2e,2030,14.16
test1,N2O,Transportation,MMTCO2e,2031,14.1
test1,N2O,Transportation,MMTCO2e,2032,14.05
test1,N2O,Transportation,MMTCO2e,2033,14
test1,N2O,Transportation,MMTCO2e,2034,13.94
test1,N2O,Transportation,MMTCO2e,2035,13.89
test1,N2O,Transportation,MMTCO2e,2036,13.91
test1,N2O,Transportation,MMTCO2e,2037,13.92
test1,N2O,Transportation,MMTCO2e,2038,13.94
test1,N2O,Transportation,MMTCO2e,2039,13.96
test1,N2O,Transportation,MMTCO2e,2040,13.97
test1,N2O,Transportation,MMTCO2e,2041,14
test1,N2O,Transportation,MMTCO2e,2042,14.02
test1,N2O,Transportation,MMTCO2e,2043,14.05
test1,N2O,Transportation,MMTCO2e,2044,14.07
test1,N2O,Transportation,MMTCO2e,2045,14.1
test1,N2O,Transportation,MMTCO2e,2046,14.14
test1,N2O,Transportation,MMTCO2e,2047,14.17
test1,N2O,Transportation,MMTCO2e,2048,14.21
test1,N2O,Transportation,MMTCO2e,2049,14.24
test1,N2O,Transportation,MMTCO2e,2050,14.28
test1,N2O,Waste,MMTCO2e,2022,25.49
test1,N2O,Waste,MMTCO2e,2023,25.599999999999998
test1,N2O,Waste,MMTCO2e,2024,25.720000000000002
test1,N2O,Waste,MMTCO2e,2025,25.81
test1,N2O,Waste,MMTCO2e,2026,25.93
test1,N2O,Waste,MMTCO2e,2027,26.029999999999998
test1,N2O,Waste,MMTCO2e,2028,25.82
test1,N2O,Waste,MMTCO2e,2029,25.93
test1,N2O,Waste,MMTCO2e,2030,26.03
test1,N2O,Waste,MMTCO2e,2031,26.13
test1,N2O,Waste,MMTCO2e,2032,26.240000000000002
test1,N2O,Waste,MMTCO2e,2033,26.34
test1,N2O,Waste,MMTCO2e,2034,26.44
test1,N2O,Waste,MMTCO2e,2035,26.54
test1,N2O,Waste,MMTCO2e,2036,26.650000000000002
test1,N2O,Waste,MMTCO2e,2037,26.759999999999998
test1,N2O,Waste,MMTCO2e,2038,26.85
test1,N2O,Waste,MMTCO2e,2039,26.97
test1,N2O,Waste,MMTCO2e,2040,27.07
test1,N2O,Waste,MMTCO2e,2041,27.18
test1,N2O,Waste,MMTCO2e,2042,27.28
test1,N2O,Waste,MMTCO2e,2043,27.38
test1,N2O,Waste,MMTCO2e,2044,27.49
test1,N2O,Waste,MMTCO2e,2045,27.59
test1,N2O,Waste,MMTCO2e,2046,27.69
test1,N2O,Waste,MMTCO2e,2047,27.8
test1,N2O,Waste,MMTCO2e,2048,27.9
test1,N2O,Waste,MMTCO2e,2049,28.01
test1,N2O,Waste,MMTCO2e,2050,28.12
test1,PFCs,IPPU,MMTCO2e,2022,1
test1,PFCs,IPPU,MMTCO2e,2023,1
test1,PFCs,IPPU,MMTCO2e,2024,1
test1,PFCs,IPPU,MMTCO2e,2025,1
test1,PFCs,IPPU,MMTCO2e,2026,1
test1,PFCs,IPPU,MMTCO2e,2027,1
test1,PFCs,IPPU,MMTCO2e,2028,1
test1,PFCs,IPPU,MMTCO2e,2029,1
test1,PFCs,IPPU,MMTCO2e,2030,1
test1,PFCs,IPPU,MMTCO2e,2031,1
test1,PFCs,IPPU,MMTCO2e,2032,1
test1,PFCs,IPPU,MMTCO2e,2033,1
test1,PFCs,IPPU,MMTCO2e,2034,1
test1,PFCs,IPPU,MMTCO2e,2035,1
test1,PFCs,IPPU,MMTCO2e,2036,1
test1,PFCs,IPPU,MMTCO2e,2037,1
test1,PFCs,IPPU,MMTCO2e,2038,1
test1,PFCs,IPPU,MMTCO2e,2039,1
test1,PFCs,IPPU,MMTCO2e,2040,1
test1,PFCs,IPPU,MMTCO2e,2041,1
test1,PFCs,IPPU,MMTCO2e,2042,1
test1,PFCs,IPPU,MMTCO2e,2043,1
test1,PFCs,IPPU,MMTCO2e,2044,1
test1,PFCs,IPPU,MMTCO2e,2045,1
test1,PFCs,IPPU,MMTCO2e,2046,1
test1,PFCs,IPPU,MMTCO2e,2047,1
test1,PFCs,IPPU,MMTCO2e,2048,1
test1,PFCs,IPPU,MMTCO2e,2049,1
test1,PFCs,IPPU,MMTCO2e,2050,1
test1,SF6,IPPU,MMTCO2e,2022,7
test1,SF6,IPPU,MMTCO2e,2023,6.9
test1,SF6,IPPU,MMTCO2e,2024,6.800000000000001
test1,SF6,IPPU,MMTCO2e,2025,6.710000000000001
test1,SF6,IPPU,MMTCO2e,2026,6.619999999999999
test1,SF6,IPPU,MMTCO2e,2027,6.52
test1,SF6,IPPU,MMTCO2e,2028,6.43
test1,SF6,IPPU,MMTCO2e,2029,6.34
test1,SF6,IPPU,MMTCO2e,2030,6.26
test1,SF6,IPPU,MMTCO2e,2031,6.17
test1,SF6,IPPU,MMTCO2e,2032,6.09
test1,SF6,IPPU,MMTCO2e,2033,6
test1,SF6,IPPU,MMTCO2e,2034,5.92
test1,SF6,IPPU,MMTCO2e,2035,5.84
test1,SF6,IPPU,MMTCO2e,2036,5.76
test1,SF6,IPPU,MMTCO2e,2037,5.68
test1,SF6,IPPU,MMTCO2e,2038,5.609999999999999
test1,SF6,IPPU,MMTCO2e,2039,5.529999999999999
test1,SF6,IPPU,MMTCO2e,2040,5.460000000000001
test1,SF6,IPPU,MMTCO2e,2041,5.380000000000001
test1,SF6,IPPU,MMTCO2e,2042,5.3100000000000005
test1,SF6,IPPU,MMTCO2e,2043,5.24
test1,SF6,IPPU,MMTCO2e,2044,5.17
test1,SF6,IPPU,MMTCO2e,2045,5.109999999999999
test1,SF6,IPPU,MMTCO2e,2046,5.04
test1,SF6,IPPU,MMTCO2e,2047,4.970000000000001
test1,SF6,IPPU,MMTCO2e,2048,4.91
test1,SF6,IPPU,MMTCO2e,2049,4.84
test1,SF6,IPPU,MMTCO2e,2050,4.78
test2,CH4,Agriculture,MMTCO2e,2022,249.54
test2,CH4,Agriculture,MMTCO2e,2023,245.61
test2,CH4,Agriculture,MMTCO2e,2024,242.42000000000002
test2,CH4,Agriculture,MMTCO2e,2025,245.32
test2,CH4,Agriculture,MMTCO2e,2026,249.41
test2,CH4,Agriculture,MMTCO2e,2027,254.19
test2,CH4,Agriculture,MMTCO2e,2028,258.32
test2,CH4,Agriculture,MMTCO2e,2029,260.92
test2,CH4,Agriculture,MMTCO2e,2030,262.64
test2,CH4,Agriculture,MMTCO2e,2031,263.58
test2,CH4,Agriculture,MMTCO2e,2032,263.79
test2,CH4,Agriculture,MMTCO2e,2033,263.71999999999997
test2,CH4,Agriculture,MMTCO2e,2034,265.42
test2,CH4,Agriculture,MMTCO2e,2035,267.08
test2,CH4,Agriculture,MMTCO2e,2036,268.77
test2,CH4,Agriculture,MMTCO2e,2037,270.44
test2,CH4,Agriculture,MMTCO2e,2038,272.11
test2,CH4,Agriculture,MMTCO2e,2039,273.78999999999996
test2,CH4,Agriculture,MMTCO2e,2040,275.47999999999996
test2,CH4,Agriculture,MMTCO2e,2041,277.15
test2,CH4,Agriculture,MMTCO2e,2042,278.82
test2,CH4,Agriculture,MMTCO2e,2043,280.52
test2,CH4,Agriculture,MMTCO2e,2044,282.2
test2,CH4,Agriculture,MMTCO2e,2045,283.89
test2,CH4,Agriculture,MMTCO2e,2046,285.57
test2,CH4,Agriculture,MMTCO2e,2047,287.25
test2,CH4,Agriculture,MMTCO2e,2048,288.94
test2,CH4,Agriculture,MMTCO2e,2049,290.62
test2,CH4,Agriculture,MMTCO2e,2050,292.3
test2,CH4,Energy,MMTCO2e,2022,240.95
test2,CH4,Energy,MMTCO2e,2023,241.98000000000002
test2,CH4,Energy,MMTCO2e,2024,249.22
test2,CH4,Energy,MMTCO2e,2025,250.58
test2,CH4,Energy,MMTCO2e,2026,250.15
test2,CH4,Energy,MMTCO2e,2027,247.63
test2,CH4,Energy,MMTCO2e,2028,244.24
test2,CH4,Energy,MMTCO2e,2029,238.86
test2,CH4,Energy,MMTCO2e,2030,237.99
test2,CH4,Energy,MMTCO2e,2031,238.38
test2,CH4,Energy,MMTCO2e,2032,239.42
test2,CH4,Energy,MMTCO2e,2033,239.73000000000002
test2,CH4,Energy,MMTCO2e,2034,239.52
test2,CH4,Energy,MMTCO2e,2035,239.3
test2,CH4,Energy,MMTCO2e,2036,238.81
test2,CH4,Energy,MMTCO2e,2037,239.51
test2,CH4,Energy,MMTCO2e,2038,240.71
test2,CH4,Energy,MMTCO2e,2039,241.16
test2,CH4,Energy,MMTCO2e,2040,241.82999999999998
test2,CH4,Energy,MMTCO2e,2041,242.22
test2,CH4,Energy,MMTCO2e,2042,243.45
test2,CH4,Energy,MMTCO2e,2043,245.04
test2,CH4,Energy,MMTCO2e,2044,246.34
test2,CH4,Energy,MMTCO2e,2045,247.13
test2,CH4,Energy,MMTCO2e,2046,248.39
test2,CH4,Energy,MMTCO2e,2047,249.78
test2,CH4,Energy,MMTCO2e,2048,250.57
test2,CH4,Energy,MMTCO2e,2049,251.83
test2,CH4,Energy,MMTCO2e,2050,252.43
test2,CH4,IPPU,MMTCO2e,2022,0.42
test2,CH4,IPPU,MMTCO2e,2023,0.45
test2,CH4,IPPU,MMTCO2e,2024,0.49
test2,CH4,IPPU,MMTCO2e,2025,0.52
test2,CH4,IPPU,MMTCO2e,2026,0.56
test2,CH4,IPPU,MMTCO2e,2027,0.59
test2,CH4,IPPU,MMTCO2e,2028,0.62
test2,CH4,IPPU,MMTCO2e,2029,0.66
test2,CH4,IPPU,MMTCO2e,2030,0.6900000000000001
test2,CH4,IPPU,MMTCO2e,2031,0.72
test2,CH4,IPPU,MMTCO2e,2032,0.76
test2,CH4,IPPU,MMTCO2e,2033,0.79
test2,CH4,IPPU,MMTCO2e,2034,0.8200000000000001
test2,CH4,IPPU,MMTCO2e,2035,0.86
test2,CH4,IPPU,MMTCO2e,2036,0.89
test2,CH4,IPPU,MMTCO2e,2037,0.93
test2,CH4,IPPU,MMTCO2e,2038,0.96
test2,CH4,IPPU,MMTCO2e,2039,0.99
test2,CH4,IPPU,MMTCO2e,2040,1.03
test2,CH4,IPPU,MMTCO2e,2041,1.06
test2,CH4,IPPU,MMTCO2e,2042,1.09
test2,CH4,IPPU,MMTCO2e,2043,1.1300000000000001
test2,CH4,IPPU,MMTCO2e,2044,1.16
test2,CH4,IPPU,MMTCO2e,2045,1.19
test2,CH4,IPPU,MMTCO2e,2046,1.23
test2,CH4,IPPU,MMTCO2e,2047,1.26
test2,CH4,IPPU,MMTCO2e,2048,1.3
test2,CH4,IPPU,MMTCO2e,2049,1.33
test2,CH4,IPPU,MMTCO2e,2050,1.36
test2,CH4,LULUCF,MMTCO2e,2022,12.52
test2,CH4,LULUCF,MMTCO2e,2023,13.99
test2,CH4,LULUCF,MMTCO2e,2024,29.29
test2,CH4,LULUCF,MMTCO2e,2025,11.35
test2,CH4,LULUCF,MMTCO2e,2026,21.54
test2,CH4,LULUCF,MMTCO2e,2027,10.37
test2,CH4,LULUCF,MMTCO2e,2028,14.489999999999998
test2,CH4,LULUCF,MMTCO2e,2029,13.979999999999999
test2,CH4,LULUCF,MMTCO2e,2030,11.16
test2,CH4,LULUCF,MMTCO2e,2031,12.780000000000001
test2,CH4,LULUCF,MMTCO2e,2032,10.31
test2,CH4,LULUCF,MMTCO2e,2033,13.86
test2,CH4,LULUCF,MMTCO2e,2034,16.759999999999998
test2,CH4,LULUCF,MMTCO2e,2035,12.35
test2,CH4,LULUCF,MMTCO2e,2036,14.6
test2,CH4,LULUCF,MMTCO2e,2037,13.95
test2,CH4,LULUCF,MMTCO2e,2038,23.290000000000003
test2,CH4,LULUCF,MMTCO2e,2039,14.159999999999998
test2,CH4,LULUCF,MMTCO2e,2040,19.33
test2,CH4,LULUCF,MMTCO2e,2041,19.32
test2,CH4,LULUCF,MMTCO2e,2042,19.31
test2,CH4,LULUCF,MMTCO2e,2043,19.3
test2,CH4,LULUCF,MMTCO2e,2044,19.3
test2,CH4,LULUCF,MMTCO2e,2045,19.29
test2,CH4,LULUCF,MMTCO2e,2046,19.28
test2,CH4,LULUCF,MMTCO2e,2047,19.27
test2,CH4,LULUCF,MMTCO2e,2048,19.26
test2,CH4,LULUCF,MMTCO2e,2049,19.26
test2,CH4,LULUCF,MMTCO2e,2050,19.25
test2,CH4,Transportation,MMTCO2e,2022,2.17
test2,CH4,Transportation,MMTCO2e,2023,2.17
test2,CH4,Transportation,MMTCO2e,2024,2.18
test2,CH4,Transportation,MMTCO2e,2025,2.18
test2,CH4,Transportation,MMTCO2e,2026,2.19
test2,CH4,Transportation,MMTCO2e,2027,2.2
test2,CH4,Transportation,MMTCO2e,2028,2.2
test2,CH4,Transportation,MMTCO2e,2029,2.21
test2,CH4,Transportation,MMTCO2e,2030,2.22
test2,CH4,Transportation,MMTCO2e,2031,2.23
test2,CH4,Transportation,MMTCO2e,2032,2.25
test2,CH4,Transportation,MMTCO2e,2033,2.26
test2,CH4,Transportation,MMTCO2e,2034,2.27
test2,CH4,Transportation,MMTCO2e,2035,2.29
test2,CH4,Transportation,MMTCO2e,2036,2.31
test2,CH4,Transportation,MMTCO2e,2037,2.33
test2,CH4,Transportation,MMTCO2e,2038,2.35
test2,CH4,Transportation,MMTCO2e,2039,2.37
test2,CH4,Transportation,MMTCO2e,2040,2.39
test2,CH4,Transportation,MMTCO2e,2041,2.41
test2,CH4,Transportation,MMTCO2e,2042,2.43
test2,CH4,Transportation,MMTCO2e,2043,2.45
test2,CH4,Transportation,MMTCO2e,2044,2.48
test2,CH4,Transportation,MMTCO2e,2045,2.5
test2,CH4,Transportation,MMTCO2e,2046,2.53
test2,CH4,Transportation,MMTCO2e,2047,2.55
test2,CH4,Transportation,MMTCO2e,2048,2.58
test2,CH4,Transportation,MMTCO2e,2049,2.61
test2,CH4,Transportation,MMTCO2e,2050,2.63
test2,CH4,Waste,MMTCO2e,2022,135.18
test2,CH4,Waste,MMTCO2e,2023,135.57
test2,CH4,Waste,MMTCO2e,2024,135.97
test2,CH4,Waste,MMTCO2e,2025,136.32
test2,CH4,Waste,MMTCO2e,2026,136.79
test2,CH4,Waste,MMTCO2e,2027,137.26
test2,CH4,Waste,MMTCO2e,2028,131.03
test2,CH4,Waste,MMTCO2e,2029,131.52
test2,CH4,Waste,MMTCO2e,2030,131.99
test2,CH4,Waste,MMTCO2e,2031,132.51
test2,CH4,Waste,MMTCO2e,2032,133.02
test2,CH4,Waste,MMTCO2e,2033,133.48999999999998
test2,CH4,Waste,MMTCO2e,2034,133.98
test2,CH4,Waste,MMTCO2e,2035,134.47
test2,CH4,Waste,MMTCO2e,2036,135
test2,CH4,Waste,MMTCO2e,2037,135.53
test2,CH4,Waste,MMTCO2e,2038,136.09
test2,CH4,Waste,MMTCO2e,2039,136.65
test2,CH4,Waste,MMTCO2e,2040,137.2
test2,CH4,Waste,MMTCO2e,2041,137.32
test2,CH4,Waste,MMTCO2e,2042,137.43
test2,CH4,Waste,MMTCO2e,2043,137.58
test2,CH4,Waste,MMTCO2e,2044,137.66
test2,CH4,Waste,MMTCO2e,2045,137.74
test2,CH4,Waste,MMTCO2e,2046,137.88
test2,CH4,Waste,MMTCO2e,2047,137.97
test2,CH4,Waste,MMTCO2e,2048,138.06
test2,CH4,Waste,MMTCO2e,2049,138.18
test2,CH4,Waste,MMTCO2e,2050,138.36
test2,CO2,Agriculture,MMTCO2e,2022,8.33
test2,CO2,Agriculture,MMTCO2e,2023,8.37
test2,CO2,Agriculture,MMTCO2e,2024,8.41
test2,CO2,Agriculture,MMTCO2e,2025,8.45
test2,CO2,Agriculture,MMTCO2e,2026,8.49
test2,CO2,Agriculture,MMTCO2e,2027,8.53
test2,CO2,Agriculture,MMTCO2e,2028,8.58
test2,CO2,Agriculture,MMTCO2e,2029,8.620000000000001
test2,CO2,Agriculture,MMTCO2e,2030,8.67
test2,CO2,Agriculture,MMTCO2e,2031,8.72
test2,CO2,Agriculture,MMTCO2e,2032,8.77
test2,CO2,Agriculture,MMTCO2e,2033,8.81
test2,CO2,Agriculture,MMTCO2e,2034,8.87
test2,CO2,Agriculture,MMTCO2e,2035,8.93
test2,CO2,Agriculture,MMTCO2e,2036,8.98
test2,CO2,Agriculture,MMTCO2e,2037,9.04
test2,CO2,Agriculture,MMTCO2e,2038,9.1
test2,CO2,Agriculture,MMTCO2e,2039,9.15
test2,CO2,Agriculture,MMTCO2e,2040,9.21
test2,CO2,Agriculture,MMTCO2e,2041,9.28
test2,CO2,Agriculture,MMTCO2e,2042,9.33
test2,CO2,Agriculture,MMTCO2e,2043,9.4
test2,CO2,Agriculture,MMTCO2e,2044,9.46
test2,CO2,Agriculture,MMTCO2e,2045,9.52
test2,CO2,Agriculture,MMTCO2e,2046,9.59
test2,CO2,Agriculture,MMTCO2e,2047,9.66
test2,CO2,Agriculture,MMTCO2e,2048,9.72
test2,CO2,Agriculture,MMTCO2e,2049,9.8
test2,CO2,Agriculture,MMTCO2e,2050,9.87
test2,CO2,Energy,MMTCO2e,2022,560.58
test2,CO2,Energy,MMTCO2e,2023,566.9499999999999
test2,CO2,Energy,MMTCO2e,2024,564.89
test2,CO2,Energy,MMTCO2e,2025,571.78
test2,CO2,Energy,MMTCO2e,2026,576.74
test2,CO2,Energy,MMTCO2e,2027,579.88
test2,CO2,Energy,MMTCO2e,2028,582.64
test2,CO2,Energy,MMTCO2e,2029,584.66
test2,CO2,Energy,MMTCO2e,2030,586.58
test2,CO2,Energy,MMTCO2e,2031,588.62
test2,CO2,Energy,MMTCO2e,2032,590.66
test2,CO2,Energy,MMTCO2e,2033,592.45
test2,CO2,Energy,MMTCO2e,2034,594.84
test2,CO2,Energy,MMTCO2e,2035,596.0500000000001
test2,CO2,Energy,MMTCO2e,2036,596.62
test2,CO2,Energy,MMTCO2e,2037,598.14
test2,CO2,Energy,MMTCO2e,2038,599.3
test2,CO2,Energy,MMTCO2e,2039,600.5600000000001
test2,CO2,Energy,MMTCO2e,2040,602.59
test2,CO2,Energy,MMTCO2e,2041,604.0699999999999
test2,CO2,Energy,MMTCO2e,2042,606.12
test2,CO2,Energy,MMTCO2e,2043,608.6800000000001
test2,CO2,Energy,MMTCO2e,2044,610.3399999999999
test2,CO2,Energy,MMTCO2e,2045,611.16
test2,CO2,Energy,MMTCO2e,2046,612.3100000000001
test2,CO2,Energy,MMTCO2e,2047,614.85
test2,CO2,Energy,MMTCO2e,2048,616.34
test2,CO2,Energy,MMTCO2e,2049,617.8
test2,CO2,Energy,MMTCO2e,2050,619.41
test2,CO2,Energy,Mt CO2/yr,2025,2362.3358103375704
test2,CO2,Energy,Mt CO2/yr,2030,2078.3778887757367
test2,CO2,Energy,Mt CO2/yr,2035,2010.5315175019794
test2,CO2,Energy,Mt CO2/yr,2040,2009.0443763617443
test2,CO2,Energy,Mt CO2/yr,2045,2177.1296368109993
test2,CO2,Energy,Mt CO2/yr,2050,2251.4780889443227
test2,CO2,IPPU,MMTCO2e,2022,175.31
test2,CO2,IPPU,MMTCO2e,2023,171.8
test2,CO2,IPPU,MMTCO2e,2024,172.58
test2,CO2,IPPU,MMTCO2e,2025,173.89
test2,CO2,IPPU,MMTCO2e,2026,175.55
test2,CO2,IPPU,MMTCO2e,2027,176.26
test2,CO2,IPPU,MMTCO2e,2028,176.46
test2,CO2,IPPU,MMTCO2e,2029,176.74
test2,CO2,IPPU,MMTCO2e,2030,176.91
test2,CO2,IPPU,MMTCO2e,2031,177.74
test2,CO2,IPPU,MMTCO2e,2032,178.84
test2,CO2,IPPU,MMTCO2e,2033,179.33
test2,CO2,IPPU,MMTCO2e,2034,179.78
test2,CO2,IPPU,MMTCO2e,2035,180.87
test2,CO2,IPPU,MMTCO2e,2036,181.91
test2,CO2,IPPU,MMTCO2e,2037,183.10999999999999
test2,CO2,IPPU,MMTCO2e,2038,184.03
test2,CO2,IPPU,MMTCO2e,2039,184.77
test2,CO2,IPPU,MMTCO2e,2040,185.8
test2,CO2,IPPU,MMTCO2e,2041,187.16
test2,CO2,IPPU,MMTCO2e,2042,188.48000000000002
test2,CO2,IPPU,MMTCO2e,2043,189.39
test2,CO2,IPPU,MMTCO2e,2044,190.53
test2,CO2,IPPU,MMTCO2e,2045,191.62
test2,CO2,IPPU,MMTCO2e,2046,192.60000000000002
test2,CO2,IPPU,MMTCO2e,2047,193.75
test2,CO2,IPPU,MMTCO2e,2048,194.58
test2,CO2,IPPU,MMTCO2e,2049,195.53
test2,CO2,IPPU,MMTCO2e,2050,196.75
test2,CO2,Transportation,Mt CO2/yr,2025,1687.96230783699
test2,CO2,Transportation,Mt CO2/yr,2030,1444.91373323989
test2,CO2,Transportation,Mt CO2/yr,2035,1195.85113112293
test2,CO2,Transportation,Mt CO2/yr,2040,1078.66889954953
test2,CO2,Transportation,Mt CO2/yr,2045,1051.58429012495
test2,CO2,Transportation,Mt CO2/yr,2050,1029.17719685241
test2,F-gas,IPPU,MMTCO2e,2022,4.17
test2,F-gas,IPPU,MMTCO2e,2023,4.18
test2,F-gas,IPPU,MMTCO2e,2024,4.2
test2,F-gas,IPPU,MMTCO2e,2025,4.23
test2,F-gas,IPPU,MMTCO2e,2026,4.27
test2,F-gas,IPPU,MMTCO2e,2027,4.32
test2,F-gas,IPPU,MMTCO2e,2028,4.37
test2,F-gas,IPPU,MMTCO2e,2029,4.43
test2,F-gas,IPPU,MMTCO2e,2030,4.49
test2,F-gas,IPPU,MMTCO2e,2031,4.56
test2,F-gas,IPPU,MMTCO2e,2032,4.63
test2,F-gas,IPPU,MMTCO2e,2033,4.71
test2,F-gas,IPPU,MMTCO2e,2034,4.8
test2,F-gas,IPPU,MMTCO2e,2035,4.88
test2,F-gas,IPPU,MMTCO2e,2036,4.97
test2,F-gas,IPPU,MMTCO2e,2037,5.07
test2,F-gas,IPPU,MMTCO2e,2038,5.17
test2,F-gas,IPPU,MMTCO2e,2039,5.27
test2,F-gas,IPPU,MMTCO2e,2040,5.37
test2,F-gas,IPPU,MMTCO2e,2041,5.48
test2,F-gas,IPPU,MMTCO2e,2042,5.59
test2,F-gas,IPPU,MMTCO2e,2043,5.7
test2,F-gas,IPPU,MMTCO2e,2044,5.81
test2,F-gas,IPPU,MMTCO2e,2045,5.92
test2,F-gas,IPPU,MMTCO2e,2046,6.04
test2,F-gas,IPPU,MMTCO2e,2047,6.16
test2,F-gas,IPPU,MMTCO2e,2048,6.28
test2,F-gas,IPPU,MMTCO2e,2049,6.4
test2,F-gas,IPPU,MMTCO2e,2050,6.52
test2,HFCs,IPPU,MMTCO2e,2022,204.73999999999998
test2,HFCs,IPPU,MMTCO2e,2023,205.51
test2,HFCs,IPPU,MMTCO2e,2024,161.26
test2,HFCs,IPPU,MMTCO2e,2025,159.54
test2,HFCs,IPPU,MMTCO2e,2026,159.07999999999998
test2,HFCs,IPPU,MMTCO2e,2027,157.1
test2,HFCs,IPPU,MMTCO2e,2028,153.48
test2,HFCs,IPPU,MMTCO2e,2029,170.98
test2,HFCs,IPPU,MMTCO2e,2030,164.36999999999998
test2,HFCs,IPPU,MMTCO2e,2031,158.08999999999997
test2,HFCs,IPPU,MMTCO2e,2032,151.78
test2,HFCs,IPPU,MMTCO2e,2033,145.23999999999998
test2,HFCs,IPPU,MMTCO2e,2034,137.69
test2,HFCs,IPPU,MMTCO2e,2035,131.64999999999998
test2,HFCs,IPPU,MMTCO2e,2036,112.04
test2,HFCs,IPPU,MMTCO2e,2037,108.52
test2,HFCs,IPPU,MMTCO2e,2038,104.44
test2,HFCs,IPPU,MMTCO2e,2039,100.36
test2,HFCs,IPPU,MMTCO2e,2040,96.29
test2,HFCs,IPPU,MMTCO2e,2041,92.38000000000001
test2,HFCs,IPPU,MMTCO2e,2042,89.07000000000001
test2,HFCs,IPPU,MMTCO2e,2043,86.49000000000001
test2,HFCs,IPPU,MMTCO2e,2044,84.62
test2,HFCs,IPPU,MMTCO2e,2045,83.51
test2,HFCs,IPPU,MMTCO2e,2046,83.27
test2,HFCs,IPPU,MMTCO2e,2047,83.16
test2,HFCs,IPPU,MMTCO2e,2048,83.2
test2,HFCs,IPPU,MMTCO2e,2049,83.4
test2,HFCs,IPPU,MMTCO2e,2050,83.84
test2,LULUCF Sink,LULUCF Sink,MMT CO2e,2030,-833.5004691621567
test2,LULUCF Sink,LULUCF Sink,MMT CO2e,2035,-933.2534863243136
test2,LULUCF Sink,LULUCF Sink,MMT CO2e,2040,-1008.9177770157818
test2,LULUCF Sink,LULUCF Sink,MMT CO2e,2045,-1054.4114010405835
test2,LULUCF Sink,LULUCF Sink,MMT CO2e,2050,-1082.2674972558614
test2,N2O,Agriculture,MMTCO2e,2022,116.84
test2,N2O,Agriculture,MMTCO2e,2023,116.06
test2,N2O,Agriculture,MMTCO2e,2024,115.46000000000001
test2,N2O,Agriculture,MMTCO2e,2025,115.92
test2,N2O,Agriculture,MMTCO2e,2026,116.64999999999999
test2,N2O,Agriculture,MMTCO2e,2027,117.46000000000001
test2,N2O,Agriculture,MMTCO2e,2028,118.17
test2,N2O,Agriculture,MMTCO2e,2029,118.58
test2,N2O,Agriculture,MMTCO2e,2030,118.81
test2,N2O,Agriculture,MMTCO2e,2031,118.91
test2,N2O,Agriculture,MMTCO2e,2032,118.95
test2,N2O,Agriculture,MMTCO2e,2033,118.92
test2,N2O,Agriculture,MMTCO2e,2034,119.19
test2,N2O,Agriculture,MMTCO2e,2035,119.48
test2,N2O,Agriculture,MMTCO2e,2036,119.76
test2,N2O,Agriculture,MMTCO2e,2037,120.07
test2,N2O,Agriculture,MMTCO2e,2038,120.35000000000001
test2,N2O,Agriculture,MMTCO2e,2039,120.63
test2,N2O,Agriculture,MMTCO2e,2040,120.92
test2,N2O,Agriculture,MMTCO2e,2041,121.21
test2,N2O,Agriculture,MMTCO2e,2042,121.51
test2,N2O,Agriculture,MMTCO2e,2043,121.78
test2,N2O,Agriculture,MMTCO2e,2044,122.1
test2,N2O,Agriculture,MMTCO2e,2045,122.38
test2,N2O,Agriculture,MMTCO2e,2046,122.68
test2,N2O,Agriculture,MMTCO2e,2047,122.96000000000001
test2,N2O,Agriculture,MMTCO2e,2048,123.25
test2,N2O,Agriculture,MMTCO2e,2049,123.55
test2,N2O,Agriculture,MMTCO2e,2050,123.83
test2,N2O,Energy,MMTCO2e,2022,17.3
test2,N2O,Energy,MMTCO2e,2023,16.49
test2,N2O,Energy,MMTCO2e,2024,17.09
test2,N2O,Energy,MMTCO2e,2025,15.999999999999998
test2,N2O,Energy,MMTCO2e,2026,14.26
test2,N2O,Energy,MMTCO2e,2027,12.65
test2,N2O,Energy,MMTCO2e,2028,11.12
test2,N2O,Energy,MMTCO2e,2029,12.48
test2,N2O,Energy,MMTCO2e,2030,11.66
test2,N2O,Energy,MMTCO2e,2031,11.48
test2,N2O,Energy,MMTCO2e,2032,11.45
test2,N2O,Energy,MMTCO2e,2033,11.549999999999999
test2,N2O,Energy,MMTCO2e,2034,11.34
test2,N2O,Energy,MMTCO2e,2035,11.25
test2,N2O,Energy,MMTCO2e,2036,11.13
test2,N2O,Energy,MMTCO2e,2037,11.16
test2,N2O,Energy,MMTCO2e,2038,10.95
test2,N2O,Energy,MMTCO2e,2039,10.88
test2,N2O,Energy,MMTCO2e,2040,10.79
test2,N2O,Energy,MMTCO2e,2041,10.809999999999999
test2,N2O,Energy,MMTCO2e,2042,10.86
test2,N2O,Energy,MMTCO2e,2043,10.729999999999999
test2,N2O,Energy,MMTCO2e,2044,10.66
test2,N2O,Energy,MMTCO2e,2045,10.629999999999999
test2,N2O,Energy,MMTCO2e,2046,10.48
test2,N2O,Energy,MMTCO2e,2047,10.45
test2,N2O,Energy,MMTCO2e,2048,10.219999999999999
test2,N2O,Energy,MMTCO2e,2049,10.14
test2,N2O,Energy,MMTCO2e,2050,9.98
test2,N2O,IPPU,MMTCO2e,2022,21.9
test2,N2O,IPPU,MMTCO2e,2023,21.83
test2,N2O,IPPU,MMTCO2e,2024,21.72
test2,N2O,IPPU,MMTCO2e,2025,21.6
test2,N2O,IPPU,MMTCO2e,2026,21.5
test2,N2O,IPPU,MMTCO2e,2027,21.41
test2,N2O,IPPU,MMTCO2e,2028,21.35
test2,N2O,IPPU,MMTCO2e,2029,21.3
test2,N2O,IPPU,MMTCO2e,2030,21.28
test2,N2O,IPPU,MMTCO2e,2031,21.23
test2,N2O,IPPU,MMTCO2e,2032,21.19
test2,N2O,IPPU,MMTCO2e,2033,21.13
test2,N2O,IPPU,MMTCO2e,2034,21.06
test2,N2O,IPPU,MMTCO2e,2035,20.97
test2,N2O,IPPU,MMTCO2e,2036,20.9
test2,N2O,IPPU,MMTCO2e,2037,20.82
test2,N2O,IPPU,MMTCO2e,2038,20.76
test2,N2O,IPPU,MMTCO2e,2039,20.71
test2,N2O,IPPU,MMTCO2e,2040,20.65
test2,N2O,IPPU,MMTCO2e,2041,20.56
test2,N2O,IPPU,MMTCO2e,2042,20.45
test2,N2O,IPPU,MMTCO2e,2043,20.3
test2,N2O,IPPU,MMTCO2e,2044,20.13
test2,N2O,IPPU,MMTCO2e,2045,19.919999999999998
test2,N2O,IPPU,MMTCO2e,2046,19.73
test2,N2O,IPPU,MMTCO2e,2047,19.54
test2,N2O,IPPU,MMTCO2e,2048,19.36
test2,N2O,IPPU,MMTCO2e,2049,19.18
test2,N2O,IPPU,MMTCO2e,2050,19
test2,N2O,LULUCF,MMTCO2e,2022,8.92
test2,N2O,LULUCF,MMTCO2e,2023,9.91
test2,N2O,LULUCF,MMTCO2e,2024,20.02
test2,N2O,LULUCF,MMTCO2e,2025,8.2
test2,N2O,LULUCF,MMTCO2e,2026,14.94
test2,N2O,LULUCF,MMTCO2e,2027,7.59
test2,N2O,LULUCF,MMTCO2e,2028,10.32
test2,N2O,LULUCF,MMTCO2e,2029,10.01
test2,N2O,LULUCF,MMTCO2e,2030,8.16
test2,N2O,LULUCF,MMTCO2e,2031,9.25
test2,N2O,LULUCF,MMTCO2e,2032,7.63
test2,N2O,LULUCF,MMTCO2e,2033,9.99
test2,N2O,LULUCF,MMTCO2e,2034,11.92
test2,N2O,LULUCF,MMTCO2e,2035,9.03
test2,N2O,LULUCF,MMTCO2e,2036,10.540000000000001
test2,N2O,LULUCF,MMTCO2e,2037,10.12
test2,N2O,LULUCF,MMTCO2e,2038,16.29
test2,N2O,LULUCF,MMTCO2e,2039,10.299999999999999
test2,N2O,LULUCF,MMTCO2e,2040,13.71
test2,N2O,LULUCF,MMTCO2e,2041,13.73
test2,N2O,LULUCF,MMTCO2e,2042,13.73
test2,N2O,LULUCF,MMTCO2e,2043,13.74
test2,N2O,LULUCF,MMTCO2e,2044,13.76
test2,N2O,LULUCF,MMTCO2e,2045,13.77
test2,N2O,LULUCF,MMTCO2e,2046,13.79
test2,N2O,LULUCF,MMTCO2e,2047,13.790000000000001
test2,N2O,LULUCF,MMTCO2e,2048,13.8
test2,N2O,LULUCF,MMTCO2e,2049,13.82
test2,N2O,LULUCF,MMTCO2e,2050,13.83
test2,N2O,Transportation,MMTCO2e,2022,15.88
test2,N2O,Transportation,MMTCO2e,2023,15.55
test2,N2O,Transportation,MMTCO2e,2024,15.23
test2,N2O,Transportation,MMTCO2e,2025,14.91
test2,N2O,Transportation,MMTCO2e,2026,14.76
test2,N2O,Transportation,MMTCO2e,2027,14.61
test2,N2O,Transportation,MMTCO2e,2028,14.46
test2,N2O,Transportation,MMTCO2e,2029,14.31
test2,N2O,Transportation,MMTCO2e,2030,14.16
test2,N2O,Transportation,MMTCO2e,2031,14.1
test2,N2O,Transportation,MMTCO2e,2032,14.05
test2,N2O,Transportation,MMTCO2e,2033,14
test2,N2O,Transportation,MMTCO2e,2034,13.94
test2,N2O,Transportation,MMTCO2e,2035,13.89
test2,N2O,Transportation,MMTCO2e,2036,13.91
test2,N2O,Transportation,MMTCO2e,2037,13.92
test2,N2O,Transportation,MMTCO2e,2038,13.94
test2,N2O,Transportation,MMTCO2e,2039,13.96
test2,N2O,Transportation,MMTCO2e,2040,13.97
test2,N2O,Transportation,MMTCO2e,2041,14
test2,N2O,Transportation,MMTCO2e,2042,14.02
test2,N2O,Transportation,MMTCO2e,2043,14.05
test2,N2O,Transportation,MMTCO2e,2044,14.07
test2,N2O,Transportation,MMTCO2e,2045,14.1
test2,N2O,Transportation,MMTCO2e,2046,14.14
test2,N2O,Transportation,MMTCO2e,2047,14.17
test2,N2O,Transportation,MMTCO2e,2048,14.21
test2,N2O,Transportation,MMTCO2e,2049,14.24
test2,N2O,Transportation,MMTCO2e,2050,14.28
test2,N2O,Waste,MMTCO2e,2022,25.49
test2,N2O,Waste,MMTCO2e,2023,25.599999999999998
test2,N2O,Waste,MMTCO2e,2024,25.720000000000002
test2,N2O,Waste,MMTCO2e,2025,25.81
test2,N2O,Waste,MMTCO2e,2026,25.93
test2,N2O,Waste,MMTCO2e,2027,26.029999999999998
test2,N2O,Waste,MMTCO2e,2028,25.82
test2,N2O,Waste,MMTCO2e,2029,25.93
test2,N2O,Waste,MMTCO2e,2030,26.03
test2,N2O,Waste,MMTCO2e,2031,26.13
test2,N2O,Waste,MMTCO2e,2032,26.240000000000002
test2,N2O,Waste,MMTCO2e,2033,26.34
test2,N2O,Waste,MMTCO2e,2034,26.44
test2,N2O,Waste,MMTCO2e,2035,26.54
test2,N2O,Waste,MMTCO2e,2036,26.650000000000002
test2,N2O,Waste,MMTCO2e,2037,26.759999999999998
test2,N2O,Waste,MMTCO2e,2038,26.85
test2,N2O,Waste,MMTCO2e,2039,26.97
test2,N2O,Waste,MMTCO2e,2040,27.07
test2,N2O,Waste,MMTCO2e,2041,27.18
test2,N2O,Waste,MMTCO2e,2042,27.28
test2,N2O,Waste,MMTCO2e,2043,27.38
test2,N2O,Waste,MMTCO2e,2044,27.49
test2,N2O,Waste,MMTCO2e,2045,27.59
test2,N2O,Waste,MMTCO2e,2046,27.69
test2,N2O,Waste,MMTCO2e,2047,27.8
test2,N2O,Waste,MMTCO2e,2048,27.9
test2,N2O,Waste,MMTCO2e,2049,28.01
test2,N2O,Waste,MMTCO2e,2050,28.12
test2,PFCs,IPPU,MMTCO2e,2022,1
test2,PFCs,IPPU,MMTCO2e,2023,1
test2,PFCs,IPPU,MMTCO2e,2024,1
test2,PFCs,IPPU,MMTCO2e,2025,1
test2,PFCs,IPPU,MMTCO2e,2026,1
test2,PFCs,IPPU,MMTCO2e,2027,1
test2,PFCs,IPPU,MMTCO2e,2028,1
test2,PFCs,IPPU,MMTCO2e,2029,1
test2,PFCs,IPPU,MMTCO2e,2030,1
test2,PFCs,IPPU,MMTCO2e,2031,1
test2,PFCs,IPPU,MMTCO2e,2032,1
test2,PFCs,IPPU,MMTCO2e,2033,1
test2,PFCs,IPPU,MMTCO2e,2034,1
test2,PFCs,IPPU,MMTCO2e,2035,1
test2,PFCs,IPPU,MMTCO2e,2036,1
test2,PFCs,IPPU,MMTCO2e,2037,1
test2,PFCs,IPPU,MMTCO2e,2038,1
test2,PFCs,IPPU,MMTCO2e,2039,1
test2,PFCs,IPPU,MMTCO2e,2040,1
test2,PFCs,IPPU,MMTCO2e,2041,1
test2,PFCs,IPPU,MMTCO2e,2042,1
test2,PFCs,IPPU,MMTCO2e,2043,1
test2,PFCs,IPPU,MMTCO2e,2044,1
test2,PFCs,IPPU,MMTCO2e,2045,1
test2,PFCs,IPPU,MMTCO2e,2046,1
test2,PFCs,IPPU,MMTCO2e,2047,1
test2,PFCs,IPPU,MMTCO2e,2048,1
test2,PFCs,IPPU,MMTCO2e,2049,1
test2,PFCs,IPPU,MMTCO2e,2050,1
test2,SF6,IPPU,MMTCO2e,2022,7
test2,SF6,IPPU,MMTCO2e,2023,6.9
test2,SF6,IPPU,MMTCO2e,2024,6.800000000000001
test2,SF6,IPPU,MMTCO2e,2025,6.710000000000001
test2,SF6,IPPU,MMTCO2e,2026,6.619999999999999
test2,SF6,IPPU,MMTCO2e,2027,6.52
test2,SF6,IPPU,MMTCO2e,2028,6.43
test2,SF6,IPPU,MMTCO2e,2029,6.34
test2,SF6,IPPU,MMTCO2e,2030,6.26
test2,SF6,IPPU,MMTCO2e,2031,6.17
test2,SF6,IPPU,MMTCO2e,2032,6.09
test2,SF6,IPPU,MMTCO2e,2033,6
test2,SF6,IPPU,MMTCO2e,2034,5.92
test2,SF6,IPPU,MMTCO2e,2035,5.84
test2,SF6,IPPU,MMTCO2e,2036,5.76
test2,SF6,IPPU,MMTCO2e,2037,5.68
test2,SF6,IPPU,MMTCO2e,2038,5.609999999999999
test2,SF6,IPPU,MMTCO2e,2039,5.529999999999999
test2,SF6,IPPU,MMTCO2e,2040,5.460000000000001
test2,SF6,IPPU,MMTCO2e,2041,5.380000000000001
test2,SF6,IPPU,MMTCO2e,2042,5.3100000000000005
test2,SF6,IPPU,MMTCO2e,2043,5.24
test2,SF6,IPPU,MMTCO2e,2044,5.17
test2,SF6,IPPU,MMTCO2e,2045,5.109999999999999
test2,SF6,IPPU,MMTCO2e,2046,5.04
test2,SF6,IPPU,MMTCO2e,2047,4.970000000000001
test2,SF6,IPPU,MMTCO2e,2048,4.91
test2,SF6,IPPU,MMTCO2e,2049,4.84
test2,SF6,IPPU,MMTCO2e,2050,4.78
test3,CH4,Agriculture,MMTCO2e,2022,249.54
test3,CH4,Agriculture,MMTCO2e,2023,245.61
test3,CH4,Agriculture,MMTCO2e,2024,242.42000000000002
test3,CH4,Agriculture,MMTCO2e,2025,245.32
test3,CH4,Agriculture,MMTCO2e,2026,249.41
test3,CH4,Agriculture,MMTCO2e,2027,254.19
test3,CH4,Agriculture,MMTCO2e,2028,258.32
test3,CH4,Agriculture,MMTCO2e,2029,260.92
test3,CH4,Agriculture,MMTCO2e,2030,262.64
test3,CH4,Agriculture,MMTCO2e,2031,263.58
test3,CH4,Agriculture,MMTCO2e,2032,263.79
test3,CH4,Agriculture,MMTCO2e,2033,263.71999999999997
test3,CH4,Agriculture,MMTCO2e,2034,265.42
test3,CH4,Agriculture,MMTCO2e,2035,267.08
test3,CH4,Agriculture,MMTCO2e,2036,268.77
test3,CH4,Agriculture,MMTCO2e,2037,270.44
test3,CH4,Agriculture,MMTCO2e,2038,272.11
test3,CH4,Agriculture,MMTCO2e,2039,273.78999999999996
test3,CH4,Agriculture,MMTCO2e,2040,275.47999999999996
test3,CH4,Agriculture,MMTCO2e,2041,277.15
test3,CH4,Agriculture,MMTCO2e,2042,278.82
test3,CH4,Agriculture,MMTCO2e,2043,280.52
test3,CH4,Agriculture,MMTCO2e,2044,282.2
test3,CH4,Agriculture,MMTCO2e,2045,283.89
test3,CH4,Agriculture,MMTCO2e,2046,285.57
test3,CH4,Agriculture,MMTCO2e,2047,287.25
test3,CH4,Agriculture,MMTCO2e,2048,288.94
test3,CH4,Agriculture,MMTCO2e,2049,290.62
test3,CH4,Agriculture,MMTCO2e,2050,292.3
test3,CH4,Energy,MMTCO2e,2022,240.95
test3,CH4,Energy,MMTCO2e,2023,241.98000000000002
test3,CH4,Energy,MMTCO2e,2024,249.22
test3,CH4,Energy,MMTCO2e,2025,250.58
test3,CH4,Energy,MMTCO2e,2026,250.15
test3,CH4,Energy,MMTCO2e,2027,247.63
test3,CH4,Energy,MMTCO2e,2028,244.24
test3,CH4,Energy,MMTCO2e,2029,238.86
test3,CH4,Energy,MMTCO2e,2030,237.99
test3,CH4,Energy,MMTCO2e,2031,238.38
test3,CH4,Energy,MMTCO2e,2032,239.42
test3,CH4,Energy,MMTCO2e,2033,239.73000000000002
test3,CH4,Energy,MMTCO2e,2034,239.52
test3,CH4,Energy,MMTCO2e,2035,239.3
test3,CH4,Energy,MMTCO2e,2036,238.81
test3,CH4,Energy,MMTCO2e,2037,239.51
test3,CH4,Energy,MMTCO2e,2038,240.71
test3,CH4,Energy,MMTCO2e,2039,241.16
test3,CH4,Energy,MMTCO2e,2040,241.82999999999998
test3,CH4,Energy,MMTCO2e,2041,242.22
test3,CH4,Energy,MMTCO2e,2042,243.45
test3,CH4,Energy,MMTCO2e,2043,245.04
test3,CH4,Energy,MMTCO2e,2044,246.34
test3,CH4,Energy,MMTCO2e,2045,247.13
test3,CH4,Energy,MMTCO2e,2046,248.39
test3,CH4,Energy,MMTCO2e,2047,249.78
test3,CH4,Energy,MMTCO2e,2048,250.57
test3,CH4,Energy,MMTCO2e,2049,251.83
test3,CH4,Energy,MMTCO2e,2050,252.43
test3,CH4,IPPU,MMTCO2e,2022,0.42
test3,CH4,IPPU,MMTCO2e,2023,0.45
test3,CH4,IPPU,MMTCO2e,2024,0.49
test3,CH4,IPPU,MMTCO2e,2025,0.52
test3,CH4,IPPU,MMTCO2e,2026,0.56
test3,CH4,IPPU,MMTCO2e,2027,0.59
test3,CH4,IPPU,MMTCO2e,2028,0.62
test3,CH4,IPPU,MMTCO2e,2029,0.66
test3,CH4,IPPU,MMTCO2e,2030,0.6900000000000001
test3,CH4,IPPU,MMTCO2e,2031,0.72
test3,CH4,IPPU,MMTCO2e,2032,0.76
test3,CH4,IPPU,MMTCO2e,2033,0.79
test3,CH4,IPPU,MMTCO2e,2034,0.8200000000000001
test3,CH4,IPPU,MMTCO2e,2035,0.86
test3,CH4,IPPU,MMTCO2e,2036,0.89
test3,CH4,IPPU,MMTCO2e,2037,0.93
test3,CH4,IPPU,MMTCO2e,2038,0.96
test3,CH4,IPPU,MMTCO2e,2039,0.99
test3,CH4,IPPU,MMTCO2e,2040,1.03
test3,CH4,IPPU,MMTCO2e,2041,1.06
test3,CH4,IPPU,MMTCO2e,2042,1.09
test3,CH4,IPPU,MMTCO2e,2043,1.1300000000000001
test3,CH4,IPPU,MMTCO2e,2044,1.16
test3,CH4,IPPU,MMTCO2e,2045,1.19
test3,CH4,IPPU,MMTCO2e,2046,1.23
test3,CH4,IPPU,MMTCO2e,2047,1.26
test3,CH4,IPPU,MMTCO2e,2048,1.3
test3,CH4,IPPU,MMTCO2e,2049,1.33
test3,CH4,IPPU,MMTCO2e,2050,1.36
test3,CH4,LULUCF,MMTCO2e,2022,12.52
test3,CH4,LULUCF,MMTCO2e,2023,13.99
test3,CH4,LULUCF,MMTCO2e,2024,29.29
test3,CH4,LULUCF,MMTCO2e,2025,11.35
test3,CH4,LULUCF,MMTCO2e,2026,21.54
test3,CH4,LULUCF,MMTCO2e,2027,10.37
test3,CH4,LULUCF,MMTCO2e,2028,14.489999999999998
test3,CH4,LULUCF,MMTCO2e,2029,13.979999999999999
test3,CH4,LULUCF,MMTCO2e,2030,11.16
test3,CH4,LULUCF,MMTCO2e,2031,12.780000000000001
test3,CH4,LULUCF,MMTCO2e,2032,10.31
test3,CH4,LULUCF,MMTCO2e,2033,13.86
test3,CH4,LULUCF,MMTCO2e,2034,16.759999999999998
test3,CH4,LULUCF,MMTCO2e,2035,12.35
test3,CH4,LULUCF,MMTCO2e,2036,14.6
test3,CH4,LULUCF,MMTCO2e,2037,13.95
test3,CH4,LULUCF,MMTCO2e,2038,23.290000000000003
test3,CH4,LULUCF,MMTCO2e,2039,14.159999999999998
test3,CH4,LULUCF,MMTCO2e,2040,19.33
test3,CH4,LULUCF,MMTCO2e,2041,19.32
test3,CH4,LULUCF,MMTCO2e,2042,19.31
test3,CH4,LULUCF,MMTCO2e,2043,19.3
test3,CH4,LULUCF,MMTCO2e,2044,19.3
test3,CH4,LULUCF,MMTCO2e,2045,19.29
test3,CH4,LULUCF,MMTCO2e,2046,19.28
test3,CH4,LULUCF,MMTCO2e,2047,19.27
test3,CH4,LULUCF,MMTCO2e,2048,19.26
test3,CH4,LULUCF,MMTCO2e,2049,19.26
test3,CH4,LULUCF,MMTCO2e,2050,19.25
test3,CH4,Transportation,MMTCO2e,2022,2.17
test3,CH4,Transportation,MMTCO2e,2023,2.17
test3,CH4,Transportation,MMTCO2e,2024,2.18
test3,CH4,Transportation,MMTCO2e,2025,2.18
test3,CH4,Transportation,MMTCO2e,2026,2.19
test3,CH4,Transportation,MMTCO2e,2027,2.2
test3,CH4,Transportation,MMTCO2e,2028,2.2
test3,CH4,Transportation,MMTCO2e,2029,2.21
test3,CH4,Transportation,MMTCO2e,2030,2.22
test3,CH4,Transportation,MMTCO2e,2031,2.23
test3,CH4,Transportation,MMTCO2e,2032,2.25
test3,CH4,Transportation,MMTCO2e,2033,2.26
test3,CH4,Transportation,MMTCO2e,2034,2.27
test3,CH4,Transportation,MMTCO2e,2035,2.29
test3,CH4,Transportation,MMTCO2e,2036,2.31
test3,CH4,Transportation,MMTCO2e,2037,2.33
test3,CH4,Transportation,MMTCO2e,2038,2.35
test3,CH4,Transportation,MMTCO2e,2039,2.37
test3,CH4,Transportation,MMTCO2e,2040,2.39
test3,CH4,Transportation,MMTCO2e,2041,2.41
test3,CH4,Transportation,MMTCO2e,2042,2.43
test3,CH4,Transportation,MMTCO2e,2043,2.45
test3,CH4,Transportation,MMTCO2e,2044,2.48
test3,CH4,Transportation,MMTCO2e,2045,2.5
test3,CH4,Transportation,MMTCO2e,2046,2.53
test3,CH4,Transportation,MMTCO2e,2047,2.55
test3,CH4,Transportation,MMTCO2e,2048,2.58
test3,CH4,Transportation,MMTCO2e,2049,2.61
test3,CH4,Transportation,MMTCO2e,2050,2.63
test3,CH4,Waste,MMTCO2e,2022,135.18
test3,CH4,Waste,MMTCO2e,2023,135.57
test3,CH4,Waste,MMTCO2e,2024,135.97
test3,CH4,Waste,MMTCO2e,2025,136.32
test3,CH4,Waste,MMTCO2e,2026,136.79
test3,CH4,Waste,MMTCO2e,2027,137.26
test3,CH4,Waste,MMTCO2e,2028,131.03
test3,CH4,Waste,MMTCO2e,2029,131.52
test3,CH4,Waste,MMTCO2e,2030,131.99
test3,CH4,Waste,MMTCO2e,2031,132.51
test3,CH4,Waste,MMTCO2e,2032,133.02
test3,CH4,Waste,MMTCO2e,2033,133.48999999999998
test3,CH4,Waste,MMTCO2e,2034,133.98
test3,CH4,Waste,MMTCO2e,2035,134.47
test3,CH4,Waste,MMTCO2e,2036,135
test3,CH4,Waste,MMTCO2e,2037,135.53
test3,CH4,Waste,MMTCO2e,2038,136.09
test3,CH4,Waste,MMTCO2e,2039,136.65
test3,CH4,Waste,MMTCO2e,2040,137.2
test3,CH4,Waste,MMTCO2e,2041,137.32
test3,CH4,Waste,MMTCO2e,2042,137.43
test3,CH4,Waste,MMTCO2e,2043,137.58
test3,CH4,Waste,MMTCO2e,2044,137.66
test3,CH4,Waste,MMTCO2e,2045,137.74
test3,CH4,Waste,MMTCO2e,2046,137.88
test3,CH4,Waste,MMTCO2e,2047,137.97
test3,CH4,Waste,MMTCO2e,2048,138.06
test3,CH4,Waste,MMTCO2e,2049,138.18
test3,CH4,Waste,MMTCO2e,2050,138.36
test3,CO2,Agriculture,MMTCO2e,2022,8.33
test3,CO2,Agriculture,MMTCO2e,2023,8.37
test3,CO2,Agriculture,MMTCO2e,2024,8.41
test3,CO2,Agriculture,MMTCO2e,2025,8.45
test3,CO2,Agriculture,MMTCO2e,2026,8.49
test3,CO2,Agriculture,MMTCO2e,2027,8.53
test3,CO2,Agriculture,MMTCO2e,2028,8.58
test3,CO2,Agriculture,MMTCO2e,2029,8.620000000000001
test3,CO2,Agriculture,MMTCO2e,2030,8.67
test3,CO2,Agriculture,MMTCO2e,2031,8.72
test3,CO2,Agriculture,MMTCO2e,2032,8.77
test3,CO2,Agriculture,MMTCO2e,2033,8.81
test3,CO2,Agriculture,MMTCO2e,2034,8.87
test3,CO2,Agriculture,MMTCO2e,2035,8.93
test3,CO2,Agriculture,MMTCO2e,2036,8.98
test3,CO2,Agriculture,MMTCO2e,2037,9.04
test3,CO2,Agriculture,MMTCO2e,2038,9.1
test3,CO2,Agriculture,MMTCO2e,2039,9.15
test3,CO2,Agriculture,MMTCO2e,2040,9.21
test3,CO2,Agriculture,MMTCO2e,2041,9.28
test3,CO2,Agriculture,MMTCO2e,2042,9.33
test3,CO2,Agriculture,MMTCO2e,2043,9.4
test3,CO2,Agriculture,MMTCO2e,2044,9.46
test3,CO2,Agriculture,MMTCO2e,2045,9.52
test3,CO2,Agriculture,MMTCO2e,2046,9.59
test3,CO2,Agriculture,MMTCO2e,2047,9.66
test3,CO2,Agriculture,MMTCO2e,2048,9.72
test3,CO2,Agriculture,MMTCO2e,2049,9.8
test3,CO2,Agriculture,MMTCO2e,2050,9.87
test3,CO2,Energy,MMTCO2e,2022,560.58
test3,CO2,Energy,MMTCO2e,2023,566.9499999999999
test3,CO2,Energy,MMTCO2e,2024,564.89
test3,CO2,Energy,MMTCO2e,2025,571.78
test3,CO2,Energy,MMTCO2e,2026,576.74
test3,CO2,Energy,MMTCO2e,2027,579.88
test3,CO2,Energy,MMTCO2e,2028,582.64
test3,CO2,Energy,MMTCO2e,2029,584.66
test3,CO2,Energy,MMTCO2e,2030,586.58
test3,CO2,Energy,MMTCO2e,2031,588.62
test3,CO2,Energy,MMTCO2e,2032,590.66
test3,CO2,Energy,MMTCO2e,2033,592.45
test3,CO2,Energy,MMTCO2e,2034,594.84
test3,CO2,Energy,MMTCO2e,2035,596.0500000000001
test3,CO2,Energy,MMTCO2e,2036,596.62
test3,CO2,Energy,MMTCO2e,2037,598.14
test3,CO2,Energy,MMTCO2e,2038,599.3
test3,CO2,Energy,MMTCO2e,2039,600.5600000000001
test3,CO2,Energy,MMTCO2e,2040,602.59
test3,CO2,Energy,MMTCO2e,2041,604.0699999999999
test3,CO2,Energy,MMTCO2e,2042,606.12
test3,CO2,Energy,MMTCO2e,2043,608.6800000000001
test3,CO2,Energy,MMTCO2e,2044,610.3399999999999
test3,CO2,Energy,MMTCO2e,2045,611.16
test3,CO2,Energy,MMTCO2e,2046,612.3100000000001
test3,CO2,Energy,MMTCO2e,2047,614.85
test3,CO2,Energy,MMTCO2e,2048,616.34
test3,CO2,Energy,MMTCO2e,2049,617.8
test3,CO2,Energy,MMTCO2e,2050,619.41
test3,CO2,Energy,Mt CO2/yr,2025,2687.9410801
test3,CO2,Energy,Mt CO2/yr,2030,2359.21383995
test3,CO2,Energy,Mt CO2/yr,2035,2209.7332575699998
test3,CO2,Energy,Mt CO2/yr,2040,2347.3583619
test3,CO2,Energy,Mt CO2/yr,2045,2291.62415685
test3,CO2,Energy,Mt CO2/yr,2050,2171.86765095
test3,CO2,IPPU,MMTCO2e,2022,175.31
test3,CO2,IPPU,MMTCO2e,2023,171.8
test3,CO2,IPPU,MMTCO2e,2024,172.58
test3,CO2,IPPU,MMTCO2e,2025,173.89
test3,CO2,IPPU,MMTCO2e,2026,175.55
test3,CO2,IPPU,MMTCO2e,2027,176.26
test3,CO2,IPPU,MMTCO2e,2028,176.46
test3,CO2,IPPU,MMTCO2e,2029,176.74
test3,CO2,IPPU,MMTCO2e,2030,176.91
test3,CO2,IPPU,MMTCO2e,2031,177.74
test3,CO2,IPPU,MMTCO2e,2032,178.84
test3,CO2,IPPU,MMTCO2e,2033,179.33
test3,CO2,IPPU,MMTCO2e,2034,179.78
test3,CO2,IPPU,MMTCO2e,2035,180.87
test3,CO2,IPPU,MMTCO2e,2036,181.91
test3,CO2,IPPU,MMTCO2e,2037,183.10999999999999
test3,CO2,IPPU,MMTCO2e,2038,184.03
test3,CO2,IPPU,MMTCO2e,2039,184.77
test3,CO2,IPPU,MMTCO2e,2040,185.8
test3,CO2,IPPU,MMTCO2e,2041,187.16
test3,CO2,IPPU,MMTCO2e,2042,188.48000000000002
test3,CO2,IPPU,MMTCO2e,2043,189.39
test3,CO2,IPPU,MMTCO2e,2044,190.53
test3,CO2,IPPU,MMTCO2e,2045,191.62
test3,CO2,IPPU,MMTCO2e,2046,192.60000000000002
test3,CO2,IPPU,MMTCO2e,2047,193.75
test3,CO2,IPPU,MMTCO2e,2048,194.58
test3,CO2,IPPU,MMTCO2e,2049,195.53
test3,CO2,IPPU,MMTCO2e,2050,196.75
test3,CO2,Transportation,Mt CO2/yr,2025,1643.829942
test3,CO2,Transportation,Mt CO2/yr,2030,1481.668343
test3,CO2,Transportation,Mt CO2/yr,2035,1377.363007
test3,CO2,Transportation,Mt CO2/yr,2040,1330.046065
test3,CO2,Transportation,Mt CO2/yr,2045,1340.000468
test3,CO2,Transportation,Mt CO2/yr,2050,1373.801925
test3,F-gas,IPPU,MMTCO2e,2022,4.17
test3,F-gas,IPPU,MMTCO2e,2023,4.18
test3,F-gas,IPPU,MMTCO2e,2024,4.2
test3,F-gas,IPPU,MMTCO2e,2025,4.23
test3,F-gas,IPPU,MMTCO2e,2026,4.27
test3,F-gas,IPPU,MMTCO2e,2027,4.32
test3,F-gas,IPPU,MMTCO2e,2028,4.37
test3,F-gas,IPPU,MMTCO2e,2029,4.43
test3,F-gas,IPPU,MMTCO2e,2030,4.49
test3,F-gas,IPPU,MMTCO2e,2031,4.56
test3,F-gas,IPPU,MMTCO2e,2032,4.63
test3,F-gas,IPPU,MMTCO2e,2033,4.71
test3,F-gas,IPPU,MMTCO2e,2034,4.8
test3,F-gas,IPPU,MMTCO2e,2035,4.88
test3,F-gas,IPPU,MMTCO2e,2036,4.97
test3,F-gas,IPPU,MMTCO2e,2037,5.07
test3,F-gas,IPPU,MMTCO2e,2038,5.17
test3,F-gas,IPPU,MMTCO2e,2039,5.27
test3,F-gas,IPPU,MMTCO2e,2040,5.37
test3,F-gas,IPPU,MMTCO2e,2041,5.48
test3,F-gas,IPPU,MMTCO2e,2042,5.59
test3,F-gas,IPPU,MMTCO2e,2043,5.7
test3,F-gas,IPPU,MMTCO2e,2044,5.81
test3,F-gas,IPPU,MMTCO2e,2045,5.92
test3,F-gas,IPPU,MMTCO2e,2046,6.04
test3,F-gas,IPPU,MMTCO2e,2047,6.16
test3,F-gas,IPPU,MMTCO2e,2048,6.28
test3,F-gas,IPPU,MMTCO2e,2049,6.4
test3,F-gas,IPPU,MMTCO2e,2050,6.52
test3,HFCs,IPPU,MMTCO2e,2022,204.73999999999998
test3,HFCs,IPPU,MMTCO2e,2023,205.51
test3,HFCs,IPPU,MMTCO2e,2024,161.26
test3,HFCs,IPPU,MMTCO2e,2025,159.54
test3,HFCs,IPPU,MMTCO2e,2026,159.07999999999998
test3,HFCs,IPPU,MMTCO2e,2027,157.1
test3,HFCs,IPPU,MMTCO2e,2028,153.48
test3,HFCs,IPPU,MMTCO2e,2029,170.98
test3,HFCs,IPPU,MMTCO2e,2030,164.36999999999998
test3,HFCs,IPPU,MMTCO2e,2031,158.08999999999997
test3,HFCs,IPPU,MMTCO2e,2032,151.78
test3,HFCs,IPPU,MMTCO2e,2033,145.23999999999998
test3,HFCs,IPPU,MMTCO2e,2034,137.69
test3,HFCs,IPPU,MMTCO2e,2035,131.64999999999998
test3,HFCs,IPPU,MMTCO2e,2036,112.04
test3,HFCs,IPPU,MMTCO2e,2037,108.52
test3,HFCs,IPPU,MMTCO2e,2038,104.44
test3,HFCs,IPPU,MMTCO2e,2039,100.36
test3,HFCs,IPPU,MMTCO2e,2040,96.29
test3,HFCs,IPPU,MMTCO2e,2041,92.38000000000001
test3,HFCs,IPPU,MMTCO2e,2042,89.07000000000001
test3,HFCs,IPPU,MMTCO2e,2043,86.49000000000001
test3,HFCs,IPPU,MMTCO2e,2044,84.62
test3,HFCs,IPPU,MMTCO2e,2045,83.51
test3,HFCs,IPPU,MMTCO2e,2046,83.27
test3,HFCs,IPPU,MMTCO2e,2047,83.16
test3,HFCs,IPPU,MMTCO2e,2048,83.2
test3,HFCs,IPPU,MMTCO2e,2049,83.4
test3,HFCs,IPPU,MMTCO2e,2050,83.84
test3,LULUCF Sink,LULUCF Sink,MMT CO2e,2030,-834.1623604645121
test3,LULUCF Sink,LULUCF Sink,MMT CO2e,2035,-782.8739460938683
test3,LULUCF Sink,LULUCF Sink,MMT CO2e,2040,-708.8304666188714
test3,LULUCF Sink,LULUCF Sink,MMT CO2e,2045,-667.7358742681031
test3,LULUCF Sink,LULUCF Sink,MMT CO2e,2050,-636.398651946564
test3,N2O,Agriculture,MMTCO2e,2022,116.84
test3,N2O,Agriculture,MMTCO2e,2023,116.06
test3,N2O,Agriculture,MMTCO2e,2024,115.46000000000001
test3,N2O,Agriculture,MMTCO2e,2025,115.92
test3,N2O,Agriculture,MMTCO2e,2026,116.64999999999999
test3,N2O,Agriculture,MMTCO2e,2027,117.46000000000001
test3,N2O,Agriculture,MMTCO2e,2028,118.17
test3,N2O,Agriculture,MMTCO2e,2029,118.58
test3,N2O,Agriculture,MMTCO2e,2030,118.81
test3,N2O,Agriculture,MMTCO2e,2031,118.91
test3,N2O,Agriculture,MMTCO2e,2032,118.95
test3,N2O,Agriculture,MMTCO2e,2033,118.92
test3,N2O,Agriculture,MMTCO2e,2034,119.19
test3,N2O,Agriculture,MMTCO2e,2035,119.48
test3,N2O,Agriculture,MMTCO2e,2036,119.76
test3,N2O,Agriculture,MMTCO2e,2037,120.07
test3,N2O,Agriculture,MMTCO2e,2038,120.35000000000001
test3,N2O,Agriculture,MMTCO2e,2039,120.63
test3,N2O,Agriculture,MMTCO2e,2040,120.92
test3,N2O,Agriculture,MMTCO2e,2041,121.21
test3,N2O,Agriculture,MMTCO2e,2042,121.51
test3,N2O,Agriculture,MMTCO2e,2043,121.78
test3,N2O,Agriculture,MMTCO2e,2044,122.1
test3,N2O,Agriculture,MMTCO2e,2045,122.38
test3,N2O,Agriculture,MMTCO2e,2046,122.68
test3,N2O,Agriculture,MMTCO2e,2047,122.96000000000001
test3,N2O,Agriculture,MMTCO2e,2048,123.25
test3,N2O,Agriculture,MMTCO2e,2049,123.55
test3,N2O,Agriculture,MMTCO2e,2050,123.83
test3,N2O,Energy,MMTCO2e,2022,17.3
test3,N2O,Energy,MMTCO2e,2023,16.49
test3,N2O,Energy,MMTCO2e,2024,17.09
test3,N2O,Energy,MMTCO2e,2025,15.999999999999998
test3,N2O,Energy,MMTCO2e,2026,14.26
test3,N2O,Energy,MMTCO2e,2027,12.65
test3,N2O,Energy,MMTCO2e,2028,11.12
test3,N2O,Energy,MMTCO2e,2029,12.48
test3,N2O,Energy,MMTCO2e,2030,11.66
test3,N2O,Energy,MMTCO2e,2031,11.48
test3,N2O,Energy,MMTCO2e,2032,11.45
test3,N2O,Energy,MMTCO2e,2033,11.549999999999999
test3,N2O,Energy,MMTCO2e,2034,11.34
test3,N2O,Energy,MMTCO2e,2035,11.25
test3,N2O,Energy,MMTCO2e,2036,11.13
test3,N2O,Energy,MMTCO2e,2037,11.16
test3,N2O,Energy,MMTCO2e,2038,10.95
test3,N2O,Energy,MMTCO2e,2039,10.88
test3,N2O,Energy,MMTCO2e,2040,10.79
test3,N2O,Energy,MMTCO2e,2041,10.809999999999999
test3,N2O,Energy,MMTCO2e,2042,10.86
test3,N2O,Energy,MMTCO2e,2043,10.729999999999999
test3,N2O,Energy,MMTCO2e,2044,10.66
test3,N2O,Energy,MMTCO2e,2045,10.629999999999999
test3,N2O,Energy,MMTCO2e,2046,10.48
test3,N2O,Energy,MMTCO2e,2047,10.45
test3,N2O,Energy,MMTCO2e,2048,10.219999999999999
test3,N2O,Energy,MMTCO2e,2049,10.14
test3,N2O,Energy,MMTCO2e,2050,9.98
test3,N2O,IPPU,MMTCO2e,2022,21.9
test3,N2O,IPPU,MMTCO2e,2023,21.83
test3,N2O,IPPU,MMTCO2e,2024,21.72
test3,N2O,IPPU,MMTCO2e,2025,21.6
test3,N2O,IPPU,MMTCO2e,2026,21.5
test3,N2O,IPPU,MMTCO2e,2027,21.41
test3,N2O,IPPU,MMTCO2e,2028,21.35
test3,N2O,IPPU,MMTCO2e,2029,21.3
test3,N2O,IPPU,MMTCO2e,2030,21.28
test3,N2O,IPPU,MMTCO2e,2031,21.23
test3,N2O,IPPU,MMTCO2e,2032,21.19
test3,N2O,IPPU,MMTCO2e,2033,21.13
test3,N2O,IPPU,MMTCO2e,2034,21.06
test3,N2O,IPPU,MMTCO2e,2035,20.97
test3,N2O,IPPU,MMTCO2e,2036,20.9
test3,N2O,IPPU,MMTCO2e,2037,20.82
test3,N2O,IPPU,MMTCO2e,2038,20.76
test3,N2O,IPPU,MMTCO2e,2039,20.71
test3,N2O,IPPU,MMTCO2e,2040,20.65
test3,N2O,IPPU,MMTCO2e,2041,20.56
test3,N2O,IPPU,MMTCO2e,2042,20.45
test3,N2O,IPPU,MMTCO2e,2043,20.3
test3,N2O,IPPU,MMTCO2e,2044,20.13
test3,N2O,IPPU,MMTCO2e,2045,19.919999999999998
test3,N2O,IPPU,MMTCO2e,2046,19.73
test3,N2O,IPPU,MMTCO2e,2047,19.54
test3,N2O,IPPU,MMTCO2e,2048,19.36
test3,N2O,IPPU,MMTCO2e,2049,19.18
test3,N2O,IPPU,MMTCO2e,2050,19
test3,N2O,LULUCF,MMTCO2e,2022,8.92
test3,N2O,LULUCF,MMTCO2e,2023,9.91
test3,N2O,LULUCF,MMTCO2e,2024,20.02
test3,N2O,LULUCF,MMTCO2e,2025,8.2
test3,N2O,LULUCF,MMTCO2e,2026,14.94
test3,N2O,LULUCF,MMTCO2e,2027,7.59
test3,N2O,LULUCF,MMTCO2e,2028,10.32
test3,N2O,LULUCF,MMTCO2e,2029,10.01
test3,N2O,LULUCF,MMTCO2e,2030,8.16
test3,N2O,LULUCF,MMTCO2e,2031,9.25
test3,N2O,LULUCF,MMTCO2e,2032,7.63
test3,N2O,LULUCF,MMTCO2e,2033,9.99
test3,N2O,LULUCF,MMTCO2e,2034,11.92
test3,N2O,LULUCF,MMTCO2e,2035,9.03
test3,N2O,LULUCF,MMTCO2e,2036,10.540000000000001
test3,N2O,LULUCF,MMTCO2e,2037,10.12
test3,N2O,LULUCF,MMTCO2e,2038,16.29
test3,N2O,LULUCF,MMTCO2e,2039,10.299999999999999
test3,N2O,LULUCF,MMTCO2e,2040,13.71
test3,N2O,LULUCF,MMTCO2e,2041,13.73
test3,N2O,LULUCF,MMTCO2e,2042,13.73
test3,N2O,LULUCF,MMTCO2e,2043,13.74
test3,N2O,LULUCF,MMTCO2e,2044,13.76
test3,N2O,LULUCF,MMTCO2e,2045,13.77
test3,N2O,LULUCF,MMTCO2e,2046,13.79
test3,N2O,LULUCF,MMTCO2e,2047,13.790000000000001
test3,N2O,LULUCF,MMTCO2e,2048,13.8
test3,N2O,LULUCF,MMTCO2e,2049,13.82
test3,N2O,LULUCF,MMTCO2e,2050,13.83
test3,N2O,Transportation,MMTCO2e,2022,15.88
test3,N2O,Transportation,MMTCO2e,2023,15.55
test3,N2O,Transportation,MMTCO2e,2024,15.23
test3,N2O,Transportation,MMTCO2e,2025,14.91
test3,N2O,Transportation,MMTCO2e,2026,14.76
test3,N2O,Transportation,MMTCO2e,2027,14.61
test3,N2O,Transportation,MMTCO2e,2028,14.46
test3,N2O,Transportation,MMTCO2e,2029,14.31
test3,N2O,Transportation,MMTCO2e,2030,14.16
test3,N2O,Transportation,MMTCO2e,2031,14.1
test3,N2O,Transportation,MMTCO2e,2032,14.05
test3,N2O,Transportation,MMTCO2e,2033,14
test3,N2O,Transportation,MMTCO2e,2034,13.94
test3,N2O,Transportation,MMTCO2e,2035,13.89
test3,N2O,Transportation,MMTCO2e,2036,13.91
test3,N2O,Transportation,MMTCO2e,2037,13.92
test3,N2O,Transportation,MMTCO2e,2038,13.94
test3,N2O,Transportation,MMTCO2e,2039,13.96
test3,N2O,Transportation,MMTCO2e,2040,13.97
test3,N2O,Transportation,MMTCO2e,2041,14
test3,N2O,Transportation,MMTCO2e,2042,14.02
test3,N2O,Transportation,MMTCO2e,2043,14.05
test3,N2O,Transportation,MMTCO2e,2044,14.07
test3,N2O,Transportation,MMTCO2e,2045,14.1
test3,N2O,Transportation,MMTCO2e,2046,14.14
test3,N2O,Transportation,MMTCO2e,2047,14.17
test3,N2O,Transportation,MMTCO2e,2048,14.21
test3,N2O,Transportation,MMTCO2e,2049,14.24
test3,N2O,Transportation,MMTCO2e,2050,14.28
test3,N2O,Waste,MMTCO2e,2022,25.49
test3,N2O,Waste,MMTCO2e,2023,25.599999999999998
test3,N2O,Waste,MMTCO2e,2024,25.720000000000002
test3,N2O,Waste,MMTCO2e,2025,25.81
test3,N2O,Waste,MMTCO2e,2026,25.93
test3,N2O,Waste,MMTCO2e,2027,26.029999999999998
test3,N2O,Waste,MMTCO2e,2028,25.82
test3,N2O,Waste,MMTCO2e,2029,25.93
test3,N2O,Waste,MMTCO2e,2030,26.03
test3,N2O,Waste,MMTCO2e,2031,26.13
test3,N2O,Waste,MMTCO2e,2032,26.240000000000002
test3,N2O,Waste,MMTCO2e,2033,26.34
test3,N2O,Waste,MMTCO2e,2034,26.44
test3,N2O,Waste,MMTCO2e,2035,26.54
test3,N2O,Waste,MMTCO2e,2036,26.650000000000002
test3,N2O,Waste,MMTCO2e,2037,26.759999999999998
test3,N2O,Waste,MMTCO2e,2038,26.85
test3,N2O,Waste,MMTCO2e,2039,26.97
test3,N2O,Waste,MMTCO2e,2040,27.07
test3,N2O,Waste,MMTCO2e,2041,27.18
test3,N2O,Waste,MMTCO2e,2042,27.28
test3,N2O,Waste,MMTCO2e,2043,27.38
test3,N2O,Waste,MMTCO2e,2044,27.49
test3,N2O,Waste,MMTCO2e,2045,27.59
test3,N2O,Waste,MMTCO2e,2046,27.69
test3,N2O,Waste,MMTCO2e,2047,27.8
test3,N2O,Waste,MMTCO2e,2048,27.9
test3,N2O,Waste,MMTCO2e,2049,28.01
test3,N2O,Waste,MMTCO2e,2050,28.12
test3,PFCs,IPPU,MMTCO2e,2022,1
test3,PFCs,IPPU,MMTCO2e,2023,1
test3,PFCs,IPPU,MMTCO2e,2024,1
test3,PFCs,IPPU,MMTCO2e,2025,1
test3,PFCs,IPPU,MMTCO2e,2026,1
test3,PFCs,IPPU,MMTCO2e,2027,1
test3,PFCs,IPPU,MMTCO2e,2028,1
test3,PFCs,IPPU,MMTCO2e,2029,1
test3,PFCs,IPPU,MMTCO2e,2030,1
test3,PFCs,IPPU,MMTCO2e,2031,1
test3,PFCs,IPPU,MMTCO2e,2032,1
test3,PFCs,IPPU,MMTCO2e,2033,1
test3,PFCs,IPPU,MMTCO2e,2034,1
test3,PFCs,IPPU,MMTCO2e,2035,1
test3,PFCs,IPPU,MMTCO2e,2036,1
test3,PFCs,IPPU,MMTCO2e,2037,1
test3,PFCs,IPPU,MMTCO2e,2038,1
test3,PFCs,IPPU,MMTCO2e,2039,1
test3,PFCs,IPPU,MMTCO2e,2040,1
test3,PFCs,IPPU,MMTCO2e,2041,1
test3,PFCs,IPPU,MMTCO2e,2042,1
test3,PFCs,IPPU,MMTCO2e,2043,1
test3,PFCs,IPPU,MMTCO2e,2044,1
test3,PFCs,IPPU,MMTCO2e,2045,1
test3,PFCs,IPPU,MMTCO2e,2046,1
test3,PFCs,IPPU,MMTCO2e,2047,1
test3,PFCs,IPPU,MMTCO2e,2048,1
test3,PFCs,IPPU,MMTCO2e,2049,1
test3,PFCs,IPPU,MMTCO2e,2050,1
test3,SF6,IPPU,MMTCO2e,2022,7
test3,SF6,IPPU,MMTCO2e,2023,6.9
test3,SF6,IPPU,MMTCO2e,2024,6.800000000000001
test3,SF6,IPPU,MMTCO2e,2025,6.710000000000001
test3,SF6,IPPU,MMTCO2e,2026,6.619999999999999
test3,SF6,IPPU,MMTCO2e,2027,6.52
test3,SF6,IPPU,MMTCO2e,2028,6.43
test3,SF6,IPPU,MMTCO2e,2029,6.34
test3,SF6,IPPU,MMTCO2e,2030,6.26
test3,SF6,IPPU,MMTCO2e,2031,6.17
test3,SF6,IPPU,MMTCO2e,2032,6.09
test3,SF6,IPPU,MMTCO2e,2033,6
test3,SF6,IPPU,MMTCO2e,2034,5.92
test3,SF6,IPPU,MMTCO2e,2035,5.84
test3,SF6,IPPU,MMTCO2e,2036,5.76
test3,SF6,IPPU,MMTCO2e,2037,5.68
test3,SF6,IPPU,MMTCO2e,2038,5.609999999999999
test3,SF6,IPPU,MMTCO2e,2039,5.529999999999999
test3,SF6,IPPU,MMTCO2e,2040,5.460000000000001
test3,SF6,IPPU,MMTCO2e,2041,5.380000000000001
test3,SF6,IPPU,MMTCO2e,2042,5.3100000000000005
test3,SF6,IPPU,MMTCO2e,2043,5.24
test3,SF6,IPPU,MMTCO2e,2044,5.17
test3,SF6,IPPU,MMTCO2e,2045,5.109999999999999
test3,SF6,IPPU,MMTCO2e,2046,5.04
test3,SF6,IPPU,MMTCO2e,2047,4.970000000000001
test3,SF6,IPPU,MMTCO2e,2048,4.91
test3,SF6,IPPU,MMTCO2e,2049,4.84
test3,SF6,IPPU,MMTCO2e,2050,4.78
